id,domain,status,purchase_price,renewal_price,attractiveness,demand,length,registrar,created_at,expires_at,status_verified_at
4f30d97f-6566-40c7-862b-ffd300e514cb,art.black,premium,2070.2,2070.2,high,medium,3,spaceship,,,09/10/2026 02:10
4bc9871d-d605-4a50-907d-a2d3d916acbb,art.red,premium,768,768,high,medium,3,namesilo,,,09/10/2026 02:10
5cbfc910-f96e-44eb-8a33-5752e19d68dc,art.space,premium,13800,13800,high,medium,3,namesilo,,,09/10/2026 02:10
a993e687-5332-4179-a6dc-5970fccc9ac2,art.boo,premium,1298.7,1298.7,high,medium,3,namecheap,,,09/10/2026 02:10
75cbab30-9269-4aae-bee1-08aeb988a186,art.soy,available,,,high,medium,3,,,,09/10/2026 09:05
58622e2d-5fce-44c3-ab9f-f977fb5edf5b,art.miami,resell,,,high,medium,3,"GoDaddy.com, LLC",22/10/2017 16:33,22/10/2034 16:33,09/10/2026 02:10
6a5c97a6-3a02-4bd3-9245-8466d8ae7051,art.film,premium,6900,6900,high,medium,3,namesilo,,,09/10/2026 02:10
acc36337-4af9-4868-8995-3f1cd92945a0,art.sex,resell,,,high,medium,3,"Name.com, Inc.",09/06/2017 14:26,09/06/2027 14:26,09/10/2026 02:10
85a84c96-3299-4952-aef6-5cf25e999e32,art.store,available,,,high,medium,3,,,,09/10/2026 09:06
6cd49490-1b11-4e9b-bf25-f2ab1502860a,art.stream,premium,,,high,medium,3,,,,09/10/2026 02:10
4345c3a8-7c8b-423a-b8e0-d810912e5b5f,art.agency,resell,,,high,medium,3,GoDaddy Online Services Cayman Islands Ltd.,24/06/2015 16:00,24/06/2033 16:00,09/10/2026 02:10
4917ab11-2216-43af-a4f7-036a1ede1ae7,art.expert,premium,828.2,828.2,high,medium,3,spaceship,,,09/10/2026 02:10
6f574d9b-72ec-410a-94cf-1ef797994f58,art.xxx,resell,,,high,medium,3,"Name.com, Inc.",03/02/2012 20:05,03/02/2027 20:05,09/10/2026 02:10
ba0fbdfa-0e86-4a95-8f61-9034d2a9cbc0,art.tickets,premium,1552.7,1552.7,high,medium,3,spaceship,,,09/10/2026 02:10
afee1672-6628-45b0-85bc-abb51c715f1d,art.luxury,available,,,high,medium,3,,,,09/10/2026 09:05
e09d8fc9-2c55-4f21-818b-ecdfad882448,art.diamonds,available,57.98,72.98,high,medium,3,namecheap,,,09/10/2026 02:10
6159d38f-b605-4037-96d1-b5b8da974c7a,art.software,premium,2587.7,2587.7,high,medium,3,spaceship,,,09/10/2026 02:10
3a5d9964-24e1-4154-9bef-7fe63722f56b,art.actor,premium,78.54,78.54,high,medium,3,namesilo,,,09/10/2026 02:10
732c730e-0b1b-4302-9f05-330b9134b163,art.accountants,available,135.48,160.98,high,medium,3,namecheap,,,09/10/2026 02:10
964a875f-661b-4aaa-9258-451dd9ce2508,art.productions,premium,512,512,high,medium,3,namesilo,,,09/10/2026 02:10
532d4391-3867-485c-beb5-6b5ddeca6a74,art.eco,premium,7762.7,59.71,high,medium,3,spaceship,,,09/10/2026 02:10
a5f9d1bd-bac3-452c-91b3-509dbb8cad39,art.now,resell,,,high,medium,3,"Spaceship, Inc.",25/02/2026 01:42,25/02/2027 01:42,09/10/2026 02:10
21814205-5980-4ced-9582-6dfcc795bf9d,art.builders,premium,34.36,34.36,high,medium,3,spaceship,,,09/10/2026 02:10
96b10f18-b8b8-4f14-81e5-6b40d36e84d2,art.beauty,premium,2660,2660,high,medium,3,namesilo,,,09/10/2026 02:10
abd2dbf5-bbb9-4842-a684-13e2d3404cdc,art.cooking,premium,104,32.5,high,medium,3,namecheap,,,09/10/2026 02:10
89b86da4-f8b5-4390-9a54-28eedac0630f,art.download,premium,5175.2,103.7,high,medium,3,spaceship,,,09/10/2026 02:10
c8cc452d-d337-4ede-800c-c01571f50b22,art.rsvp,premium,1298.7,1298.7,high,medium,3,namecheap,,,09/10/2026 02:10
3f66ab62-b536-47b5-a2ff-8ce9fd07023f,art.center,resell,,,high,medium,3,"Xiamen ChinaSource Internet Service Co., Ltd",23/11/2022 15:15,23/11/2026 15:15,09/10/2026 02:10
61b89b30-2a91-4276-adb9-594b0af0b43b,art.shopping,premium,242,242,high,medium,3,namesilo,,,09/10/2026 02:10
eaa73be1-a198-48a6-84bc-dad41e48affc,art.hockey,available,,,high,medium,3,,,,09/10/2026 09:04
a10a4c78-650d-41ed-9bba-f9ec0d9e9438,art.cars,available,1863.2,2064.2,high,medium,3,spaceship,,,09/10/2026 02:10
dd435a8a-c8fc-414a-9e1b-3ccc3810cc82,art.deal,premium,1107,1107,high,medium,3,namesilo,,,09/10/2026 02:10
8da32bed-73aa-4851-a32e-d1e2d070b868,art.country,available,,,high,medium,3,,,,09/10/2026 09:03
46803ea4-4222-4e1b-b578-4647a4cd4dd0,art.reisen,premium,512,512,high,medium,3,namesilo,,,09/10/2026 02:10
395f3327-d5e0-4cc3-9b46-ad8d4a0247fa,art.equipment,premium,512,512,high,medium,3,namesilo,,,09/10/2026 02:10
85216eec-1631-420e-a6ae-bd9a784e91b2,art.design,resell,,,high,medium,3,Go France Domains Inc,12/05/2015 14:00,12/05/2027 23:59,09/10/2026 02:10
2da8b5b7-040a-481b-af8e-a3b982e43a45,art.surgery,premium,512,512,high,medium,3,namesilo,,,09/10/2026 02:10
75627101-c975-469a-a64a-8bc6d52305f2,art.theatre,available,465.95,500.18,high,medium,3,spaceship,,,09/10/2026 02:10
65eb2120-f339-423f-b1fb-b740d87fbf4d,art.reviews,available,,,high,medium,3,,,,09/10/2026 09:05
483c07ba-9210-4887-982c-f0407639673a,art.services,resell,,,high,medium,3,Atom.com Domains LLC,15/03/2023 15:15,15/03/2028 15:15,09/10/2026 02:10
6b8cdbb5-5efd-4996-a7d6-929fb4739ed6,art.love,premium,13800,13800,high,medium,3,namesilo,,,09/10/2026 02:10
0c32af8f-2971-4dda-992d-a010eeca14aa,art.cyou,premium,390,780,high,medium,3,namecheap,,,09/10/2026 02:10
62c23146-c80d-4162-8dfb-6775f8b6caab,art.bio,premium,854,854,high,medium,3,namesilo,,,09/10/2026 02:10
b32eb215-be76-42c1-8493-f5d33877fc1f,art.moe,resell,,,high,medium,3,Dynadot Inc,22/07/2014 02:03,21/07/2027 23:59,09/10/2026 02:10
49235490-b376-40b8-97a4-09b0618eee11,art.immobilien,available,8.24,32.32,high,medium,3,dynadot,,,09/10/2026 02:10
b5195006-e659-41d1-bace-b6717c065847,art.promo,premium,1107,1107,high,medium,3,namesilo,,,09/10/2026 02:10
560e5f34-1733-4005-8e9e-23a2675ba03a,art.memorial,available,135.98,160.98,high,medium,3,namecheap,,,09/10/2026 02:10
1473ea46-d575-47d5-b3db-9b66762d4c29,art.limited,premium,102.67,102.67,high,medium,3,spaceship,,,09/10/2026 02:10
f46061d5-677b-475d-a237-849f0a1783ff,art.lighting,premium,118.8,118.8,high,medium,3,namesilo,,,09/10/2026 02:10
c1b1bc2f-9e40-4b6f-991a-3a92ad4be858,art.gallery,resell,,,high,medium,3,1API GmbH,11/06/2015 16:00,11/06/2027 16:00,09/10/2026 02:10
8de39621-e43c-4b7d-bd75-21d387ca59b4,art.navy,available,33.32,33.32,high,medium,3,spaceship,,,09/10/2026 02:10
36802518-8d92-410b-8e51-2c6734b665ed,art.locker,premium,25875.2,31.25,high,medium,3,spaceship,,,09/10/2026 02:10
0cb1474d-df9f-4fcd-b09e-133adf9654eb,art.realty,premium,724.7,1035.2,high,medium,3,spaceship,,,09/10/2026 02:10
3aec30be-1b89-41f5-8fee-89fccaa8fb36,art.bot,premium,3450,3450,high,medium,3,namesilo,,,10/10/2026 01:11
7618784a-9872-496b-a437-fe5f3a65bd05,art.markets,premium,2750,2750,high,medium,3,dynadot,,,09/10/2026 02:10
35c41159-fd3d-4ebc-8d1f-fab40b4b2a73,art.phd,premium,1344.67,1344.67,high,medium,3,spaceship,,,09/10/2026 02:10
09b35704-e624-4ae9-bf03-f55aedb0e505,art.mortgage,premium,242,242,high,medium,3,namesilo,,,09/10/2026 02:10
bab24de9-e371-4318-8d8f-724cb7906b06,art.rest,premium,1630.33,2328.95,high,medium,3,spaceship,,,09/10/2026 02:10
994ac86f-d07c-44d5-b9a8-b528834dc3cb,art.asia,available,,,high,medium,3,,,,09/10/2026 09:03
ea449448-20fd-47a2-827f-1ffedd544557,art.pink,resell,,,high,medium,3,"Spaceship, Inc.",25/09/2021 05:57,25/09/2035 05:57,09/10/2026 02:10
659bc6b2-0eba-4133-aed0-54b6d969f3e5,art.kids,available,,,high,medium,3,,,,09/10/2026 09:05
c2cc1708-52d3-4735-8fe2-0f8cb2d9a2ef,art.best,resell,,,high,medium,3,Dynadot Inc,06/01/2019 10:44,06/01/2027 23:59,09/10/2026 02:10
8149830c-dbc9-4856-affb-7e1c3fe9b317,art.vana,available,2070.2,2070.2,high,medium,3,spaceship,,,09/10/2026 02:10
36968dd8-a4a7-4e5d-947b-3f7f14366e21,art.shiksha,available,14.99,51.99,high,medium,3,namesilo,,,09/10/2026 02:10
45addcae-fb52-4135-b3e8-4ce6fb1e2991,art.associates,premium,414.2,414.2,high,medium,3,spaceship,,,09/10/2026 02:10
2a5deff1-feb5-4928-8266-4ae4765b3f79,art.tv,resell,,,high,medium,3,"eNom, LLC",21/02/2001 08:00,21/02/2027 08:00,09/10/2026 02:10
fe7c3304-b4e4-41a9-b8c2-a95b8a506f5d,art.supplies,premium,828.2,828.2,high,medium,3,spaceship,,,09/10/2026 02:10
45050ec4-c915-4d7d-ad3a-637c6c6ab5da,art.exchange,resell,,,high,medium,3,Unstoppable Domains Inc,14/01/2024 15:15,14/01/2027 15:15,09/10/2026 02:10
030d7f7e-4d56-49c3-9baa-aac4e901a3c8,art.rehab,premium,1107,1107,high,medium,3,namesilo,,,09/10/2026 02:10
1c1078cd-6dd1-4f4c-a424-a016395821de,art.food,premium,1449.2,2070.2,high,medium,3,spaceship,,,09/10/2026 02:10
377077c8-7f1f-4c3a-8384-7b5cd83d521a,art.republican,available,7.25,7.25,high,medium,3,namesilo,,,09/10/2026 02:10
e381da55-86d7-4251-8d97-316ff0454dab,art.bayern,available,,,high,medium,3,,,,09/10/2026 09:03
e0e81ca1-ec89-4f65-b7d8-ff6f0abdb182,art.vc,resell,,,high,medium,3,Dynadot Inc,13/06/2013 17:51,13/06/2027 17:51,09/10/2026 02:10
3145646c-b1d9-4117-a539-61d1e34bd6a8,art.menu,available,,,high,medium,3,,,,09/10/2026 09:05
1d7617b9-b9e8-414b-8562-782fa60e8364,art.viajes,available,35.18,35.18,high,medium,3,spaceship,,,09/10/2026 02:10
735c8e4c-a19e-4ab8-bc75-5a979df1efd7,art.study,available,,,high,medium,3,,,,09/10/2026 09:06
719dd74f-addc-4d7c-ab05-8ac1b9f72602,art.ltda,premium,56.64,33.04,high,medium,3,namesilo,,,09/10/2026 02:10
ca23fd04-dc44-4e46-b4a8-689b5d6eebb0,art.college,premium,10350.2,10350.2,high,medium,3,spaceship,,,09/10/2026 02:10
5a79343b-febb-4451-97ba-b3de7df07adf,art.network,resell,,,high,medium,3,"Global Domains International, Inc. DBA DomainCostClub.com",01/07/2026 15:15,01/07/2027 15:15,09/10/2026 02:10
2ba5e895-f701-4a53-8c8c-551b2eebc306,art.fitness,resell,,,high,medium,3,"Spaceship, Inc.",07/03/2023 15:15,07/03/2027 15:15,09/10/2026 02:10
a8e393c0-6287-4b58-be62-aaf7f7a42406,art.gift,available,,,high,medium,3,,,,09/10/2026 09:04
89c28687-4a57-48cf-9c25-ce7bb147c69f,art.fast,premium,517.7,517.7,high,medium,3,spaceship,,,09/10/2026 02:10
36f6ec97-0174-4c43-a3db-846bbd16b9b8,art.town,resell,,,high,medium,3,"Sav.com, LLC",08/04/2025 17:22,08/04/2027 17:22,09/10/2026 02:10
6b1b3bba-92cf-41c3-804a-5680b3158b78,art.directory,resell,,,high,medium,3,"NameSilo, LLC",30/08/2020 20:45,30/08/2027 20:45,09/10/2026 02:10
0cc5b62e-62cc-4613-9b90-cfd000d3527d,art.reise,premium,242,242,high,medium,3,namesilo,,,09/10/2026 02:10
6ec93ed4-354a-4380-a006-49e9910e1654,art.video,premium,517.7,1035.2,high,medium,3,spaceship,,,09/10/2026 02:10
2e96d667-513c-49e1-a206-b82cec8c5819,art.institute,resell,,,high,medium,3,Porkbun LLC,12/07/2015 16:00,12/07/2027 16:00,09/10/2026 02:10
b0335b1d-a51a-483e-a196-7c2bfc7abd4a,art.team,resell,,,high,medium,3,"Spaceship, Inc.",29/07/2015 16:00,29/07/2027 16:00,09/10/2026 02:10
9c4bfe75-6c96-4941-ac01-cea19f5fec75,art.careers,premium,260,260,high,medium,3,namecheap,,,09/10/2026 02:10
06e652fc-7887-437b-bb6d-4787d1d6addc,art.flowers,premium,2070.2,2070.2,high,medium,3,spaceship,,,09/10/2026 02:10
15af2ca5-915d-4346-ba39-076cbbcab53a,art.charity,premium,207.2,207.2,high,medium,3,spaceship,,,09/10/2026 02:10
28732b3c-4bc3-4116-ba57-068b41b73a22,art.hiphop,available,,,high,medium,3,,,,09/10/2026 09:04
a8142da4-d785-423d-920d-a9db7aee9590,art.futbol,available,7.49,7.49,high,medium,3,namesilo,,,09/10/2026 02:10
e9e82262-e4e6-48bc-8502-5aff1649df7a,art.fish,resell,,,high,medium,3,101domain GRS Limited,23/03/2015 13:29,23/03/2027 13:29,09/10/2026 02:10
1c30ed5c-bcb7-4265-bbce-46e4b3e9a57f,art.tech,premium,2587.7,10350.2,high,medium,3,spaceship,,,09/10/2026 02:10
e2b73e0a-248e-4445-a03a-5836b702f5d1,art.kaufen,resell,,,high,medium,3,"Sav.com, LLC",19/04/2026 09:31,19/04/2027 09:31,09/10/2026 02:10
44915a7a-a922-40f1-88f2-f1d8431b218b,art.boston,available,,,high,medium,3,,,,09/10/2026 09:03
9b695fb3-a01f-4973-b9bd-25899655e8c1,art.trading,premium,2587.7,2587.7,high,medium,3,spaceship,,,09/10/2026 02:10
d2779d49-0cb2-4b47-91f7-9e9992b0f451,art.ski,available,,,high,medium,3,,,,09/10/2026 09:05
9aa86e76-3af5-4550-928c-2d51cf2ed399,art.estate,resell,,,high,medium,3,"Sav.com, LLC",29/08/2026 05:16,29/08/2027 05:16,09/10/2026 02:10
bda6d256-cc66-4202-8521-0ac8a044dadc,art.ac,resell,,,high,medium,3,Porkbun LLC,08/10/2024 15:15,08/10/2027 15:15,09/10/2026 02:10
e050953b-72c4-4c82-8383-31f3a762226c,art.shop,premium,13800,13800,high,medium,3,namesilo,,,10/10/2026 01:11
a23f0107-5553-40f1-8818-ebcede5c9fe5,art.movie,available,,,high,medium,3,,,,09/10/2026 09:05
5aa14615-b55d-46e9-926a-3a16296bbc37,art.racing,premium,130,130,high,medium,3,namecheap,,,09/10/2026 02:10
b0c38736-d83c-4810-bbd1-b23742446201,art.camera,resell,,,high,medium,3,"Global Domains International, Inc. DBA DomainCostClub.com",24/07/2026 15:15,24/07/2027 15:15,09/10/2026 02:10
750ce2e6-069c-4a25-a14d-ca848ea07bfe,art.bar,available,,,high,medium,3,,,,09/10/2026 09:03
bf9eb287-e878-4aeb-95b4-2165301d84d6,art.solar,resell,,,high,medium,3,"Global Domains International, Inc. DBA DomainCostClub.com",08/02/2026 15:15,08/02/2027 15:15,09/10/2026 02:10
fe848d61-4eef-4a8a-96a2-ba40e8986c1b,art.how,available,,,high,medium,3,,,,09/10/2026 09:04
2a4192b5-1592-4f61-be52-649497e9730f,art.music,available,,,high,medium,3,,,,09/10/2026 09:05
e9b8f2e8-60d8-4ede-aae1-de27d1154d7b,art.desi,available,19.98,22.98,high,medium,3,namecheap,,,03/10/2026 02:54
6cbefb71-be87-4545-97d4-0f547fd8cec2,art.place,resell,,,high,medium,3,Dynadot Inc,01/07/2015 16:00,01/07/2027 16:00,09/10/2026 02:10
92e55b64-0841-4596-9b3f-2966f9929b14,art.diy,premium,2660,2660,high,medium,3,namesilo,,,09/10/2026 02:10
69a590f0-510d-4e17-a51b-1da569f44712,art.courses,available,,,high,medium,3,,,,09/10/2026 09:03
56b242bf-30a5-4925-bde4-c530b17add66,art.osaka,available,,,high,medium,3,,,,09/10/2026 09:05
2055cae9-f4c4-4f53-b67b-5d644eb9da9b,art.free,premium,3450,3450,high,medium,3,namesilo,,,09/10/2026 02:10
d253f7bb-cbec-4ea4-b5ee-0bfea871c97e,art.yachts,premium,2070.2,2070.2,high,medium,3,spaceship,,,09/10/2026 02:10
1861377d-95d5-4930-a241-06e9052b1b23,art.coupons,premium,78.54,78.54,high,medium,3,namesilo,,,09/10/2026 02:10
e8387d4a-dc8a-401e-80ea-65ee94b9739c,art.capital,resell,,,high,medium,3,Edomains LLC,04/07/2026 15:15,04/07/2027 15:15,09/10/2026 02:10
181714c8-549e-4e0f-9e7d-3d2650d1ec5c,art.catering,premium,118.8,118.8,high,medium,3,namesilo,,,09/10/2026 02:10
5d45c6ab-ef05-42dd-ab15-d70ee12d4c46,art.flights,premium,414.2,414.2,high,medium,3,spaceship,,,09/10/2026 02:10
5b3b559e-ac94-4e01-b4d2-643c5a6e5e5b,art.investments,premium,260,260,high,medium,3,namecheap,,,09/10/2026 02:10
1c24f305-83b7-4249-9d14-a138bee108c2,art.vegas,premium,260,129.94,high,medium,3,namecheap,,,09/10/2026 02:10
5ec442c7-5c7a-407c-a349-2e1d966b1eed,art.build,premium,,,high,medium,3,,,,09/10/2026 02:10
dc5f8f9b-ed24-43f0-b299-34aba00b2111,art.cloud,premium,2587.7,5175.2,high,medium,3,spaceship,,,09/10/2026 02:10
a2b4c64a-283d-4a84-8428-d4de14fa5dbe,art.click,resell,,,high,medium,3,1API GmbH,25/11/2014 16:00,25/11/2034 16:00,09/10/2026 02:10
52055682-6b21-4a51-893b-444978670207,art.mov,available,,,high,medium,3,,,,09/10/2026 09:05
d25ae57a-e9f7-4bef-ade3-d0c6d5a564b2,art.forsale,available,,,high,medium,3,,,,09/10/2026 09:03
2b7a2fb7-df6a-4039-80cd-211f68452bc9,art.wedding,resell,,,high,medium,3,"Spaceship, Inc.",27/04/2021 06:40,27/04/2027 06:40,09/10/2026 02:10
9040c6ed-1f7b-4b97-8db9-3d8074d38785,art.glass,resell,,,high,medium,3,"GoDaddy.com, LLC",12/08/2015 14:37,12/08/2027 14:37,09/10/2026 02:10
41e1dada-538c-4a98-be16-45308402bd86,art.today,resell,,,high,medium,3,"Xiamen ChinaSource Internet Service Co., Ltd",06/05/2023 15:15,06/05/2027 15:15,09/10/2026 02:10
bd9905d7-ebe2-49a3-b55c-ca96eac25689,art.guitars,available,104.99,114.99,high,medium,3,namesilo,,,09/10/2026 02:10
03a40473-883c-4081-b086-068ccdbf16a6,art.storage,available,465.95,500.2,high,medium,3,spaceship,,,09/10/2026 02:10
774a9c70-2bce-4403-9cc0-3fee335735f8,art.business,resell,,,high,medium,3,Porkbun LLC,10/12/2014 12:00,10/12/2027 12:00,09/10/2026 02:10
2b43bd06-cfe1-42ba-864a-7725c9454425,art.casa,resell,,,high,medium,3,"GoDaddy.com, LLC",08/09/2021 01:08,08/09/2027 01:08,09/10/2026 02:10
6c3e73d8-33db-4bf3-89a3-2a3d97135c6e,art.pub,resell,,,high,medium,3,"DNSPod, Inc.",16/01/2015 13:10,16/01/2036 13:10,09/10/2026 02:10
fc8adc93-cba6-42d8-8ca6-5316e11b67ca,art.bargains,available,,,high,medium,3,,,,09/10/2026 09:03
101d6ee5-042e-4fba-b5c3-adafa4dec8f5,art.boats,premium,2660,2660,high,medium,3,namesilo,,,09/10/2026 02:10
b4399e07-06c6-4d8a-8d5d-7842e1b267e7,art.credit,resell,,,high,medium,3,"Sav.com, LLC",24/09/2025 10:29,24/09/2027 10:29,09/10/2026 02:10
ff6743ab-92bb-45e8-9eee-a775c1e11d1c,art.camp,resell,,,high,medium,3,"GoDaddy.com, LLC",18/04/2015 22:12,18/04/2027 22:12,09/10/2026 02:10
7424da50-11b9-496a-97d5-e4110d9ddc19,art.plumbing,available,58.16,58.16,high,medium,3,spaceship,,,09/10/2026 02:10
4d4103fb-fe33-454f-bdbd-5a9880d29f78,art.meme,premium,1690,1690,high,medium,3,namecheap,,,09/10/2026 02:10
e6988778-6fab-4d46-aaeb-2e58c6214f03,art.consulting,premium,414.2,828.2,high,medium,3,spaceship,,,09/10/2026 02:10
9371bbdf-6ed4-40e4-a3b4-d3c057cb79ca,art.club,resell,,,high,medium,3,Porkbun,10/02/2017 16:19,09/02/2030 23:59,09/10/2026 02:10
e23b0ed6-22bf-4aa9-a2d9-d4ab51f36a9f,art.day,premium,1034.17,1034.17,high,medium,3,spaceship,,,09/10/2026 02:10
321d6286-b96c-4aa3-be76-a8b782ec5ff0,art.dad,premium,1298.7,1298.7,high,medium,3,namecheap,,,09/10/2026 02:10
325f6026-bf3e-4770-920f-5a0b21672b46,art.webcam,premium,517.7,67.48,high,medium,3,spaceship,,,09/10/2026 02:10
15e55d46-846d-44e5-b620-9b9b96ab3024,art.moda,resell,,,high,medium,3,"GoDaddy.com, LLC",28/11/2021 13:04,28/11/2026 13:04,09/10/2026 02:10
ff43f3e4-7761-4764-ac60-12ee6ce27cf2,art.band,resell,,,high,medium,3,"Spaceship, Inc.",21/01/2021 07:13,21/01/2027 07:13,09/10/2026 02:10
7c4ccf2f-ecdf-49ff-8019-91da0233a787,art.foundation,resell,,,high,medium,3,Dynadot Inc,04/10/2020 12:06,04/10/2027 12:06,09/10/2026 02:10
2dd67691-7e82-46b1-84da-7eb9f56706ad,art.security,available,1999.99,2049.99,high,medium,3,namesilo,,,09/10/2026 02:10
8c7d1e4a-05f3-43ed-8e24-ff224b240a42,art.car,available,2070,2400,high,medium,3,namecheap,,,09/10/2026 02:10
30f1487e-8656-45c4-bc02-cfe5a2588f2c,art.zone,resell,,,high,medium,3,Alibaba Cloud Computing Ltd. d/b/a HiChina (www.net.cn),05/12/2019 08:40,05/12/2026 08:40,09/10/2026 02:10
d733e012-68af-445f-a736-9c02492f62af,art.degree,premium,1100,1100,high,medium,3,dynadot,,,09/10/2026 02:10
b92e7665-bd60-40ae-a778-7eb718167797,art.claims,resell,,,high,medium,3,"Global Domains International, Inc. DBA DomainCostClub.com",15/06/2026 15:15,15/06/2027 15:15,09/10/2026 02:10
2bea7088-1ebe-4cf1-9f3f-3102f6153585,art.moi,premium,1107,1107,high,medium,3,namesilo,,,09/10/2026 02:10
e0a7fba0-5cb9-44a4-82f7-c1010315a932,art.condos,premium,108.9,108.9,high,medium,3,dynadot,,,09/10/2026 02:10
b5206c6c-aa54-4d5f-80c4-d57c4f296d9d,art.technology,resell,,,high,medium,3,Dynadot Inc,06/02/2019 09:18,06/02/2027 09:18,09/10/2026 02:10
9a59c4ac-c3e8-4c25-8bc9-c3ee0f1c1a32,art.green,premium,550,550,high,medium,3,dynadot,,,09/10/2026 02:10
e496d6d1-ddaf-4e33-80e9-35b58f66c453,art.airforce,available,83,83,high,medium,3,spaceship,,,09/10/2026 02:10
702fe7d5-c9aa-4cb7-a503-86c26eaad8e5,art.property,available,,,high,medium,3,,,,09/10/2026 09:05
11ca4cd8-63c0-4da8-b0ad-51572afcba7b,art.motorcycles,premium,2660,2660,high,medium,3,namesilo,,,09/10/2026 02:10
793659db-8cbe-41a0-b646-b47fc6a24a90,art.contractors,premium,85.8,85.8,high,medium,3,namecheap,,,09/10/2026 02:10
55351722-340d-492a-9b8a-9785f656789a,art.hot,premium,3450,3450,high,medium,3,namesilo,,,09/10/2026 02:10
03dad80a-db2a-4f84-8070-e6ff38be1e7f,art.esq,premium,1344.67,1344.67,high,medium,3,spaceship,,,09/10/2026 02:10
079bdf2d-35d4-465e-9778-9fc2c78163cf,art.sh,resell,,,high,medium,3,"GoDaddy.com, LLC",31/08/2020 05:05,31/08/2027 05:05,09/10/2026 02:10
f526fac4-c4b3-49eb-8355-361028ea9930,art.quest,premium,2660,2660,high,medium,3,namesilo,,,09/10/2026 02:10
9f8c3f7e-dac0-4182-94bd-723d4410f235,art.lifestyle,premium,2660,2660,high,medium,3,namesilo,,,09/10/2026 02:10
3e83b292-66a4-45d9-945e-97c1078df02a,art.homes,premium,2070.2,2070.2,high,medium,3,spaceship,,,09/10/2026 02:10
a74503c0-0c43-4fd7-9d93-4f8ae0274ab4,art.porn,resell,,,high,medium,3,"Name.com, Inc.",09/06/2017 14:29,09/06/2027 14:29,09/10/2026 02:10
ca4b40c1-eb03-4c36-b6d7-b68628151ac7,art.tires,available,72.44,72.44,high,medium,3,spaceship,,,09/10/2026 02:10
665e66e5-4bd5-41aa-a5a7-1c8aa50ce213,art.market,available,,,high,medium,3,,,,09/10/2026 09:05
1732e864-731e-4356-8193-101c1aa03f65,art.press,premium,3250,6500,high,medium,3,namecheap,,,09/10/2026 02:10
082cb674-baa1-48f4-be20-e353b471e766,art.vacations,premium,118.8,118.8,high,medium,3,namesilo,,,09/10/2026 02:10
748f84e1-ac34-4806-a1f0-04c84360655c,art.uno,premium,6900,6900,high,medium,3,namesilo,,,09/10/2026 02:10
56fb9119-a4b8-4342-8637-51b8529c7634,art.foo,available,,,high,medium,3,,,,09/10/2026 09:03
ae1f13eb-f96d-431a-aa62-643f0218bab1,art.ong,premium,65,32.5,high,medium,3,namecheap,,,09/10/2026 02:10
7e070fd4-7ea8-42fe-a4a5-c116812a34c6,art.ceo,resell,,,high,medium,3,"Spaceship, Inc.",17/12/2025 09:31,17/12/2026 23:59,09/10/2026 02:10
06482180-4cdd-438f-b868-6007bede782b,art.autos,premium,2070.2,2070.2,high,medium,3,spaceship,,,09/10/2026 02:10
2ee2d579-92f9-4368-9c9c-b3f478916cb9,art.site,available,,,high,medium,3,,,,09/10/2026 09:05
955e8787-b825-4d55-a35a-cd58bc36e1ad,art.link,resell,,,high,medium,3,"Global Domains International, Inc.",27/07/2017 00:33,27/07/2027 00:33,09/10/2026 02:10
9e438a03-2c26-4460-9e67-47f5bfe77a69,art.im,resell,,,high,medium,3,,,,09/10/2026 02:10
1080c637-721e-4959-beaa-e829a308f271,art.energy,resell,,,high,medium,3,"Global Domains International, Inc. DBA DomainCostClub.com",25/12/2025 15:15,25/12/2026 15:15,09/10/2026 02:10
a74f6a94-1930-44ce-82bc-a28a29ff9b33,art.singles,premium,102.67,102.67,high,medium,3,spaceship,,,09/10/2026 02:10
64339f5d-053d-47f2-8e17-0d81bbb7c77c,art.insure,premium,512,512,high,medium,3,namesilo,,,09/10/2026 02:10
2347d979-d170-45d4-87d5-dfe226e47f54,art.us,resell,,,high,medium,3,"GoDaddy.com, LLC",24/04/2002 14:00,23/04/2027 23:59,09/10/2026 02:10
2a3b6a3f-2971-4f71-8f76-796eda6097b4,art.luxe,available,,,high,medium,3,,,,09/10/2026 09:05
12d22af1-913d-49dc-8055-45b4a7141113,art.management,resell,,,high,medium,3,"Sav.com, LLC",12/09/2026 09:27,12/09/2027 09:27,09/10/2026 02:10
040e779a-cdf4-4da3-8c22-ed41ee998e63,art.london,resell,,,high,medium,3,"Spaceship, Inc.",18/06/2019 15:37,18/06/2027 23:59,09/10/2026 02:10
ceb0632c-ba8a-4b38-a262-a2fbd5f679de,art.guru,resell,,,high,medium,3,Dynadot Inc,15/07/2015 16:00,15/07/2027 16:00,09/10/2026 02:10
6ca92ef8-5be3-4380-88b5-cb705ddf12a1,art.apartments,premium,85.8,85.8,high,medium,3,namecheap,,,09/10/2026 02:10
aa178e09-3581-45ab-bc63-735a08751046,art.dating,available,,,high,medium,3,,,,09/10/2026 09:03
1069c822-12fa-42eb-b6a2-12b48903f04f,art.sale,available,,,high,medium,3,,,,09/10/2026 09:05
8a3ace35-52c3-4b27-bfd2-ef6d84501a44,art.hamburg,resell,,,high,medium,3,,20/04/2016 14:43,20/04/2027 14:43,09/10/2026 02:10
34ef871e-1f0d-4a79-a86a-41eb651755a2,art.poker,premium,,,high,medium,3,Xin Net Technology Corporation,20/09/2026 06:15,20/09/2027 06:15,09/10/2026 02:10
3b84ca4b-4253-41f0-be41-2ce797cc470a,art.democrat,available,7.25,7.25,high,medium,3,namesilo,,,09/10/2026 02:10
4562a93d-85c4-4af9-b0d7-331ba2e0c0f9,art.land,resell,,,high,medium,3,"Global Domains International, Inc. DBA DomainCostClub.com",18/05/2026 15:15,18/05/2027 15:15,09/10/2026 02:10
9c7fbfac-784f-4448-bd0f-8530d291ff80,art.florist,premium,85.8,85.8,high,medium,3,namecheap,,,09/10/2026 02:10
2c1d717e-5a1a-4e98-b843-05db4ead1faa,art.city,resell,,,high,medium,3,Dynadot Inc,21/04/2023 23:06,21/04/2027 23:06,09/10/2026 02:10
71e68bbe-75bd-4989-b1b2-7b229c6efb50,art.channel,premium,1298.7,1298.7,high,medium,3,namecheap,,,09/10/2026 02:10
5dc3becb-b2c7-45cb-a007-50b5a0a489d5,art.care,premium,440,440,high,medium,3,dynadot,,,09/10/2026 02:10
c8387de0-0d94-4d55-be74-be5158f280d1,art.cleaning,premium,118.8,118.8,high,medium,3,namesilo,,,09/10/2026 02:10
f64d6d7c-510d-4c69-83a3-b4c06e63c330,art.engineering,resell,,,high,medium,3,"Global Domains International, Inc. DBA DomainCostClub.com",24/05/2026 15:15,24/05/2027 15:15,09/10/2026 02:10
5b655497-91a3-4e52-b6ff-39a66de6af38,art.ing,available,,,high,medium,3,,,,09/10/2026 09:04
dbe4cc08-db0f-4d76-b3d2-d06090841c3b,art.lawyer,premium,520,520,high,medium,3,namecheap,,,09/10/2026 02:10
71a72427-6fc2-4842-92e7-ee637184a5c9,art.diet,premium,2660,2660,high,medium,3,namesilo,,,09/10/2026 02:10
bc77128d-9d8b-43e2-8bda-9880105e9187,art.attorney,premium,512,512,high,medium,3,namesilo,,,09/10/2026 02:10
d88d8e90-642f-4786-a494-c737a526dee2,art.tienda,premium,414.2,414.2,high,medium,3,spaceship,,,09/10/2026 02:10
f572f093-745f-4065-b0c0-3d7aa12c6e75,art.systems,resell,,,high,medium,3,Dynadot Inc,25/09/2026 17:00,25/09/2027 17:00,09/10/2026 02:10
c51a298b-8b5c-4319-9d3e-bea88319c214,art.tools,resell,,,high,medium,3,Dynadot Inc,15/10/2023 15:15,15/10/2027 15:15,09/10/2026 02:10
2479ea0d-09cd-45cd-b3f9-d75038031b1d,art.bet,resell,,,high,medium,3,Dynadot Inc,03/03/2016 16:00,03/03/2027 16:00,09/10/2026 02:10
cd2206dc-9dbd-411a-9894-fee22e5596e1,art.auction,available,,,high,medium,3,,,,09/10/2026 09:03
dd42d92e-6f88-4fed-8eb8-cf74fb485b66,art.construction,premium,78.54,78.54,high,medium,3,namesilo,,,09/10/2026 02:10
20ab0c78-cef0-4822-8810-1fb938a766bc,art.protection,available,2140.22,2140.22,high,medium,3,dynadot,,,09/10/2026 02:10
24a3f1a1-663b-43a5-a708-bdadfbd14868,art.party,premium,,,high,medium,3,,,,09/10/2026 02:10
d1dfb173-0208-4ecd-a56e-cea0cb5c0e96,art.auto,available,1863.2,2064.2,high,medium,3,spaceship,,,09/10/2026 02:10
91809511-00ad-4b9b-b402-2378860f24f0,art.supply,resell,,,high,medium,3,"Sav.com, LLC - 19",17/02/2023 15:15,17/02/2027 15:15,09/10/2026 02:10
266cb920-542e-4036-a20d-377c6869fd62,art.group,resell,,,high,medium,3,Alibaba Cloud Computing Ltd. d/b/a HiChina (www.net.cn),26/08/2019 03:27,26/08/2027 03:27,09/10/2026 02:10
a499fe7d-29de-4c35-985f-a4884bfe4f01,art.cricket,premium,640,77.35,high,medium,3,namesilo,,,09/10/2026 02:10
c8e28c8a-8b5c-44cd-93da-05e433bb6e9e,art.family,premium,242,242,high,medium,3,namesilo,,,09/10/2026 02:10
dddcad2e-79b7-404d-a399-4b7f27ae2107,art.gratis,premium,414.2,414.2,high,medium,3,spaceship,,,09/10/2026 02:10
cc2d1183-6a9b-4a99-8c50-b6c0dceacba8,art.accountant,premium,640,77.35,high,medium,3,namesilo,,,09/10/2026 02:10
6673f1a3-56f3-4099-bc07-ec00ff8d15f6,art.rip,premium,260,260,high,medium,3,namecheap,,,09/10/2026 02:10
c60e498c-7209-4abd-9015-47fbd31e6a9f,art.hiv,available,,,high,medium,3,,,,09/10/2026 09:04
cc0f82e9-d969-4eac-a596-fac722c48b15,art.news,resell,,,high,medium,3,Porkbun LLC,17/12/2023 03:41,17/12/2026 03:41,09/10/2026 02:10
015debb2-2e21-495f-8894-76b9d8278147,art.date,premium,384,53.92,high,medium,3,namesilo,,,09/10/2026 02:10
104bf56c-c671-497d-a761-c39936b6dcbd,art.beer,premium,512,29.5,high,medium,3,namesilo,,,09/10/2026 02:10
ed16a28d-d612-4e95-ab3e-b9130298100c,art.world,resell,,,high,medium,3,Dynadot Inc,27/03/2019 09:56,27/03/2027 09:56,09/10/2026 02:10
853635c2-efed-4e7d-814d-765ca43032bf,art.report,resell,,,high,medium,3,Squarespace Domains II LLC,07/05/2019 05:47,07/05/2027 05:47,09/10/2026 02:10
3d7e65f9-a8e5-44cb-a79d-00f6c6b6062c,art.pw,available,,,high,medium,3,,,,09/10/2026 09:05
727285b0-6473-4d31-af28-6323945a3f78,art.loan,available,,,high,medium,3,,,,09/10/2026 09:05
b8c5177a-e708-491f-9399-8362154fc625,art.ventures,resell,,,high,medium,3,Dynadot Inc,11/09/2018 23:19,11/09/2027 23:19,09/10/2026 02:10
f687b6e5-946b-4ced-b127-861a8e45acd3,art.spot,premium,2750,2750,high,medium,3,dynadot,,,09/10/2026 02:10
618cbbfe-84e8-4f55-b293-d704c13b75da,art.gay,premium,2660,2660,high,medium,3,namesilo,,,09/10/2026 02:10
bba0e445-8df1-4944-a692-481ceb15c838,art.giving,available,,,high,medium,3,,,,09/10/2026 09:04
be28fb2b-3366-42da-a8ed-9c3e8e3ea2d0,art.yoga,premium,414.2,26.08,high,medium,3,spaceship,,,09/10/2026 02:10
cd279e98-8329-44d7-9c8f-c251b464e325,art.cheap,available,,,high,medium,3,,,,09/10/2026 09:03
b4f45312-62a3-4687-a7b7-3ed954a591dd,art.blackfriday,available,,,high,medium,3,,,,09/10/2026 09:03
40a7acca-ba8d-4885-81f4-ba8cd27e600b,art.christmas,premium,2070.2,2070.2,high,medium,3,spaceship,,,09/10/2026 02:10
bd5603a6-e2d2-4eef-96ee-b6a1d6b89e64,art.garden,resell,,,high,medium,3,"Spaceship, Inc.",23/04/2021 16:02,23/04/2027 16:02,09/10/2026 02:10
b4863424-2828-44fa-b9fa-df105cae0b93,art.host,premium,3881.45,7762.7,high,medium,3,spaceship,,,09/10/2026 02:10
97ab822f-f871-4583-a3b8-4b7acb610a19,art.kim,resell,,,high,medium,3,"Spaceship, Inc.",05/10/2021 14:31,05/10/2027 14:31,09/10/2026 02:10
1b45d8e8-7baf-4b38-9973-be6b39161609,art.talk,premium,3450,3450,high,medium,3,namesilo,,,09/10/2026 02:10
8967ba5b-291f-4def-98b2-fd09f891b619,art.app,resell,,,high,medium,3,"GoDaddy.com, LLC",18/07/2019 11:44,18/07/2027 11:44,09/10/2026 02:10
d31cfd2c-6f77-4a04-8d99-0b18056ca8d9,art.dealer,premium,,,high,medium,3,,,,09/10/2026 02:10
c8527f1b-65ce-4b2c-8b0a-34731acd3e5d,art.financial,resell,,,high,medium,3,"Sav.com, LLC",10/08/2026 09:29,10/08/2027 09:29,09/10/2026 02:10
609c66ff-15e8-4a1e-9bff-2a73d33a5314,art.hair,premium,2070.2,2070.2,high,medium,3,spaceship,,,09/10/2026 02:10
ed7bf8d6-0ebe-4a10-9cf5-5ba15e32b610,art.tel,resell,,,high,medium,3,"GoDaddy.com, LLC",16/01/2021 07:21,16/01/2031 07:21,09/10/2026 02:10
2e993ae8-5fff-428c-8cdd-3f6f2140724f,art.golf,resell,,,high,medium,3,"Global Domains International, Inc. DBA DomainCostClub.com",24/05/2026 15:15,24/05/2027 15:15,09/10/2026 02:10
c7255ad4-fd6b-4ecf-8f3e-6e6dee8ad089,art.organic,resell,,,high,medium,3,"Sav.com, LLC",17/09/2026 16:26,17/09/2027 16:26,09/10/2026 02:10
5b488ae6-485e-4564-a045-519058895755,art.makeup,premium,2070.2,2070.2,high,medium,3,spaceship,,,09/10/2026 02:10
d11c4ffb-7d17-41cc-aad4-5281397db16b,art.living,premium,1449.2,2070.2,high,medium,3,spaceship,,,09/10/2026 02:10
cc0163cc-0fe6-4a85-a52b-f813792476fd,art.money,resell,,,high,medium,3,"Spaceship, Inc.",09/06/2025 15:15,09/06/2027 15:15,09/10/2026 02:10
7826db26-2fa0-4c72-ad84-126b41e2449c,art.solutions,premium,242,242,high,medium,3,namesilo,,,09/10/2026 02:10
84b8cac0-d044-4c33-9ef0-f125719a10cd,art.adult,resell,,,high,medium,3,"Name.com, Inc.",09/06/2017 14:31,09/06/2027 14:31,09/10/2026 02:10
a495cdc5-16c3-4a02-a393-5faf73ddd353,art.dentist,premium,512,512,high,medium,3,namesilo,,,09/10/2026 02:10
c9ed118e-352f-4fd5-8163-bc54696867e2,art.plus,resell,,,high,medium,3,Dynadot Inc,03/08/2020 16:07,03/08/2027 16:07,09/10/2026 02:10
70e631a7-eb12-4a26-8e87-9577da730eb9,art.broker,available,,,high,medium,3,,,,09/10/2026 09:03
942a1580-0be9-4086-89bc-db6a95d4ba33,art.skin,premium,2660,2660,high,medium,3,namesilo,,,09/10/2026 02:10
603365ac-d136-48ed-a374-64c5ea6c2452,art.help,premium,1862,2660,high,medium,3,namesilo,,,09/10/2026 02:10
b77f112d-81f7-428a-8184-b673e7d58c9b,art.gives,premium,242,242,high,medium,3,namesilo,,,09/10/2026 02:10
500628b6-b21e-4af6-aa7b-ecdca7d8ea00,art.healthcare,premium,118.8,118.8,high,medium,3,namesilo,,,09/10/2026 02:10
6949fba4-ed8c-48a6-9df4-76959e0ff461,art.cv,premium,2770.35,80.33,high,medium,3,namesilo,,,09/10/2026 02:10
c3652204-de99-4ec6-aee0-3a1665f477e5,art.voting,available,1398,1448,high,medium,3,namecheap,,,09/10/2026 02:10
1239c219-fa1f-490e-9446-17cdfaeaae35,art.express,resell,,,high,medium,3,Dynadot Inc,05/01/2018 08:07,05/01/2027 08:07,09/10/2026 02:10
061b041e-f844-45fc-aeb5-5b9ca75df8f4,art.juegos,available,321.22,321.22,high,medium,3,dynadot,,,09/10/2026 02:10
32218e20-222e-48ca-ba2f-0649985450e3,artist.moda,available,33.32,33.32,high,low,6,spaceship,,,08/10/2026 12:26
108aa39b-3053-4355-a2b0-9e8604f4bd26,artist.flowers,available,93.35,103.4,high,low,6,spaceship,,,08/10/2026 12:26
2488ddc7-f5b7-4b18-8073-85887ec758a0,artist.tienda,available,62.98,74.98,high,low,6,namecheap,,,08/10/2026 12:26
9622a815-b327-4ae0-8543-19cd045e791b,artist.photo,available,26.08,26.08,high,low,6,spaceship,,,08/10/2026 12:26
b7550bd5-5c19-4992-adc8-c30217d30b95,artist.contractors,available,28.15,28.15,high,low,6,spaceship,,,08/10/2026 12:26
54dcb5fe-faee-4233-99b2-755bc85ed172,artist.win,premium,362.45,51.95,high,low,6,spaceship,,,08/10/2026 12:26
ccb7b140-b800-4b6d-8cc8-5ed49af3caa2,artist.repair,available,12,36.99,high,low,6,unstoppable,,,08/10/2026 12:26
89aac2b0-dd3d-4ed9-8cb7-27825f746d7d,gallery.graphics,premium,118.8,118.8,high,low,7,namesilo,,,20/09/2026 09:55
58a4a00d-e67a-4fe3-b166-aada0184e1cb,artist.buzz,available,,,high,low,6,,,,09/10/2026 09:04
c7b0a6df-9f15-4f74-9b7e-34f744a6c9de,artist.gratis,available,18.83,18.83,high,low,6,spaceship,,,08/10/2026 12:26
a7f8fa25-ae27-46f6-8b2a-37e66f1d2d02,artist.style,resell,,,high,low,6,Dynadot Inc,31/12/2017 14:05,31/12/2026 14:05,08/10/2026 12:26
32bc8e7d-871e-4e1a-b4eb-cf8474a2cab6,artist.ngo,premium,55,27.5,high,low,6,dynadot,,,08/10/2026 12:26
71b4ba07-9366-47f7-8209-c5e9418ad12c,artist.site,premium,258.95,1035.2,high,low,6,spaceship,,,08/10/2026 12:26
ece66e07-f578-4bd8-a807-33d8860f5987,artist.nyc,premium,5175.2,26.08,high,low,6,spaceship,,,08/10/2026 12:26
928d03cb-fe49-4760-990f-97a636ef93b3,artistry.gallery,available,,,high,medium,8,,,,09/10/2026 09:05
418dab3e-421f-478a-b230-b84c371c37b9,artist.deal,premium,130,130,high,low,6,namecheap,,,08/10/2026 12:26
1cbe5b37-2a6a-4bb0-b513-eb4162bd9407,artist.credit,available,80.2,80.2,high,low,6,cloudflare,,,08/10/2026 12:26
13c73bf7-36fd-49cd-b80a-34ceb3a6f6c9,painting.studio,premium,512,512,high,low,8,namesilo,,,25/09/2026 07:33
8337f63a-3cfc-41a2-bfc8-ce62c65e2ee9,artist.condos,available,45.2,45.2,high,low,6,cloudflare,,,08/10/2026 12:26
61cf79dd-f143-4e83-a383-da140befa2fb,artist.rehab,premium,207.2,207.2,high,low,6,spaceship,,,08/10/2026 12:26
e75eb82b-9773-406d-bcdb-748baf323154,artist.onl,premium,55,110,high,low,6,dynadot,,,08/10/2026 12:26
87f007b1-deb9-40ee-9548-b63f6b152213,artist.info,resell,,,high,low,6,1API GmbH,03/03/2004 09:40,03/03/2027 09:40,08/10/2026 12:26
f22a5002-1b54-424d-9fde-40cf9b3fd5fa,artist.run,resell,,,high,low,6,"DNSPod, Inc.",02/06/2018 12:35,02/06/2027 12:35,08/10/2026 12:26
9d8160d6-7a53-447a-b177-318d97fd5b1f,artist.tv,resell,,,high,low,6,"Spaceship, Inc.",19/03/2010 04:08,19/03/2027 04:08,08/10/2026 12:26
b5d0f705-8a0f-4105-b283-ba3e9e1f3924,design.reise,available,77.83,77.83,high,medium,6,spaceship,,,08/10/2026 20:39
1524e28d-4046-4c34-ace9-cbc866ab6468,artist.solar,available,51.95,51.95,high,low,6,spaceship,,,08/10/2026 12:26
449381e3-5fa5-4c4e-a1ff-2db350eba664,design.theatre,available,465.95,500.18,high,medium,6,spaceship,,,08/10/2026 20:39
de59132a-0aa7-45ab-8360-f9caa96e9e30,artist.charity,available,21.7,21.7,high,low,6,cloudflare,,,08/10/2026 12:26
f631dbfe-9ce5-498b-8812-0644bc46d6af,artist.horse,available,33.98,43.98,high,low,6,namecheap,,,08/10/2026 12:26
edb2b7b6-6098-4a9c-ac38-ed426a9fde07,artist.faith,premium,550,71.5,high,low,6,dynadot,,,08/10/2026 12:26
2d68816d-fc0c-4a89-98b5-d3e32d281c8e,design.catering,premium,102.67,102.67,high,medium,6,spaceship,,,08/10/2026 20:39
a7e30ece-d1b5-422f-b225-74ffe22fd59d,design.cloud,premium,1035.2,2070.2,high,medium,6,spaceship,,,08/10/2026 20:39
3c24ef0c-61c7-4ef4-ac25-a3037b1e6fce,artist.shoes,available,50.2,50.2,high,low,6,cloudflare,,,08/10/2026 12:26
e71ea963-12fc-483c-8918-dfa780fd1437,artist.loan,premium,640,77.35,high,low,6,namesilo,,,08/10/2026 12:26
61124183-d390-40c4-b8e5-19f92f28520e,artist.melbourne,premium,382.91,382.91,high,low,6,dynadot,,,08/10/2026 12:26
382cbefe-f14f-4427-9c37-1ec302aa45f5,design.website,premium,6900,6900,high,medium,6,namesilo,,,08/10/2026 20:39
485acd32-af63-4538-9e77-5dbe7fa99812,artist.ltda,premium,66.3,66.3,high,low,6,namecheap,,,08/10/2026 12:26
45ef6416-1f88-44a5-83f5-631f25e5763d,artist.pink,available,13.5,20.9,high,low,6,unstoppable,,,08/10/2026 12:26
7a58130a-6073-43be-a2f0-62aceef96cee,artist.beauty,premium,2070.2,2070.2,high,low,6,spaceship,,,08/10/2026 12:26
02d6cef6-7444-4ec0-956a-f08edacf69e9,artist.rest,premium,652.25,931.7,high,low,6,spaceship,,,08/10/2026 12:26
5a8f6475-61e1-4521-bc86-fb9228e4fdf2,artistry.photos,available,,,high,medium,8,,,,09/10/2026 09:05
6568051b-a11b-402d-ab70-188abd5958b4,artist.financial,available,22.5,46.86,high,low,6,unstoppable,,,08/10/2026 12:26
2e506aeb-1be7-4dca-b84e-97e13adbd2ff,design.rich,available,94.99,1999,high,medium,6,namesilo,,,08/10/2026 20:39
10f65129-9635-43cd-bb2d-94f5ccfe1899,artist.security,available,1863.2,2000.18,high,low,6,spaceship,,,08/10/2026 12:26
0e430362-68e1-487e-8d6c-a6765ae179cc,artist.jetzt,available,18.83,18.83,high,low,6,spaceship,,,08/10/2026 12:26
d51f904e-0d7d-4eab-8a45-888bd2e9caa2,design.accountant,premium,448,53.92,high,medium,6,namesilo,,,08/10/2026 20:39
9862b52c-9586-4c5b-be5e-9439b70f9311,design.security,available,2070,2950,high,medium,6,namecheap,,,08/10/2026 20:39
18a208d4-c22e-4d2f-baf3-934012e6ce99,artist.soccer,available,20.9,20.9,high,low,6,spaceship,,,08/10/2026 12:26
9ecafe11-d1f8-45e1-abb3-185a690b77b2,artist.sydney,premium,382.91,382.91,high,low,6,dynadot,,,08/10/2026 12:26
68f13f75-bc67-48e1-a331-90a544e0df91,artist.tours,resell,,,high,low,6,"GoDaddy.com, LLC",09/02/2021 17:39,09/02/2027 17:39,08/10/2026 12:26
e4a42c40-bc17-483c-99d4-ceecaab407e0,design.lifestyle,premium,2200,2200,high,medium,6,dynadot,,,08/10/2026 20:39
ac773746-9501-42e2-9b7d-302f4f8cc08d,artist.car,available,1863.2,2064.2,high,low,6,spaceship,,,08/10/2026 12:26
1ab0277c-b6f5-4963-9242-7e77a6ff7e65,design.dad,premium,999.2,1034.17,high,medium,6,unstoppable,,,08/10/2026 20:39
f163a82f-799f-4b52-a116-e643a6cb0cf7,painting.expert,premium,128.7,128.7,high,low,8,namecheap,,,25/09/2026 07:33
1d523d48-4a59-4841-a5a6-b072bcedeef5,design.gay,premium,672.95,672.95,high,medium,6,spaceship,,,08/10/2026 20:39
0d6b04b3-5e1a-49e4-9ba7-2a099952b4e3,design.prof,premium,1344.67,1344.67,high,medium,6,spaceship,,,08/10/2026 20:39
2b703e4c-b9cb-44d0-b6b0-11ffb8aca624,artist.theater,available,50.2,50.2,high,low,6,cloudflare,,,08/10/2026 12:26
2762f283-15c7-4de0-83fe-d83cb61ac472,artist.sale,premium,128.7,128.7,high,low,6,namecheap,,,08/10/2026 12:26
d75a092c-1048-41f1-a7ab-4c21d9478e21,artist.equipment,available,22.97,22.97,high,low,6,spaceship,,,08/10/2026 12:26
2b979c58-619a-4167-9e16-5639edb00b04,artist.discount,premium,102.67,102.67,high,low,6,spaceship,,,08/10/2026 12:26
ac8476c4-c8c8-4244-bbd8-1f972e0ad9cf,design.miami,premium,5520,21.24,high,medium,6,namesilo,,,08/10/2026 20:39
04ac6737-3381-4bb7-8ee3-06f397a01b7b,design.money,resell,,,high,medium,6,Dynadot Inc,03/11/2024 17:00,03/11/2027 17:00,08/10/2026 20:39
d1e262b9-cdd3-4be8-940d-4a185d93d89c,artist.holdings,available,51.95,51.95,high,low,6,spaceship,,,08/10/2026 12:26
a9bcd003-285a-4b7f-b8bc-f2c941ebce11,gallery.photography,resell,,,high,low,7,"Sav.com, LLC - 22",27/11/2024 15:15,27/11/2026 15:15,26/09/2026 06:18
0a853149-43cf-4daf-86d5-34e708875eef,artist.makeup,premium,2070.2,2070.2,high,low,6,spaceship,,,08/10/2026 12:26
466e15de-aaf3-4099-a08d-36ee82a886f9,artist.cash,resell,,,high,low,6,"DNSPod, Inc.",14/02/2025 15:15,14/02/2027 15:15,08/10/2026 12:26
d649a49a-cb7c-4b0e-8102-1370db6a7454,design.audio,premium,832,832,high,medium,6,namesilo,,,08/10/2026 20:39
64580d35-4a9d-4fa8-8f13-65f4587070de,artist.gg,resell,,,high,low,6,GoDaddy.com LLC (https://www.godaddy.com),,,08/10/2026 12:26
57b23596-17dd-42a6-b44d-b9616635ad51,artist.accountant,premium,385,55,high,low,6,dynadot,,,08/10/2026 12:26
bf354c58-5219-4ff2-9a71-3a4198fa8b32,design.dentist,premium,118.8,118.8,high,medium,6,namesilo,,,08/10/2026 20:39
643e4a91-23e3-41e1-88c7-5834ef3cd7c6,artist.photos,available,7.96,24.01,high,low,6,spaceship,,,08/10/2026 12:26
e1d23f52-73b7-483f-80d2-0d80546a1133,design.city,premium,440,440,high,medium,6,dynadot,,,08/10/2026 20:39
a9e9a36d-568f-4245-81ba-1ebd9a14ae67,artist.spot,premium,103.7,103.7,high,low,6,spaceship,,,08/10/2026 12:26
976da22a-abb5-49e8-b9ae-a0f8619f9098,design.film,premium,640,640,high,medium,6,namesilo,,,08/10/2026 20:39
7c981082-cd1f-4d60-b49a-253adc214351,artist.boutique,resell,,,high,low,6,"Spaceship, Inc.",26/02/2026 17:09,26/02/2027 17:09,08/10/2026 12:26
84f164fc-5b95-454a-824a-17f62bfa9cb4,design.love,premium,4347.2,6210.2,high,medium,6,spaceship,,,08/10/2026 20:39
b0a9915d-7503-432f-b74d-75a1128a558f,artist.mov,premium,516.67,516.67,high,low,6,spaceship,,,08/10/2026 12:26
f3737df7-3a5f-48f2-a0af-92c2bd2444fa,artist.page,premium,516.67,516.67,high,low,6,spaceship,,,08/10/2026 12:26
7a8aed3b-e902-47e3-bfb4-4782f3c15405,artist.limo,available,42.2,42.2,high,low,6,cloudflare,,,08/10/2026 12:26
341bd585-330e-4254-b0f8-065762fe9005,design.makeup,premium,672.95,672.95,high,medium,6,spaceship,,,08/10/2026 20:39
94c1286d-95ec-412e-abaf-00cbe95087a4,artistry.blue,available,,,high,medium,8,,,,09/10/2026 09:04
aaac7e08-3501-4d62-a8e3-3c69ec73815a,artist.gold,resell,,,high,low,6,Xin Net Technology Corporation,27/03/2019 17:32,27/03/2027 17:32,08/10/2026 12:26
5b493939-4b08-45ee-9d70-616e9b346958,design.voto,available,26.5,58,high,medium,6,unstoppable,,,08/10/2026 20:39
a44f6d62-2f1b-41dd-8d75-b4a77c918b8b,design.support,resell,,,high,medium,6,"Spaceship, Inc.",15/07/2015 20:38,15/07/2027 20:38,08/10/2026 20:39
9bbc9aca-c8e4-42c5-8dfa-d1b00c3431a2,design.us,resell,,,high,medium,6,"NameSilo, LLC",24/04/2002 14:00,23/04/2027 23:59,08/10/2026 20:39
af86884d-87cb-4169-be7f-25118d843580,design.hair,premium,832,832,high,medium,6,namesilo,,,08/10/2026 20:39
d1fafb79-e543-4a85-b264-826a2f94ead9,artist.market,resell,,,high,low,6,Realtime Register B.V.,16/01/2024 15:15,16/01/2028 15:15,08/10/2026 12:26
db64b85b-4c9b-41cb-910a-d45444178474,design.doctor,resell,,,high,medium,6,"Sav.com, LLC - 9",17/04/2026 15:15,17/04/2027 15:15,08/10/2026 20:39
6c799d0f-e454-4538-a5c3-3a7a7c2ba1c7,artist.xyz,resell,,,high,low,6,Instra Corporation Pty Ltd.,02/06/2014 12:32,02/06/2027 23:59,08/10/2026 12:26
1c968a92-fa3c-4767-8fa3-6548f24baabc,artist.actor,premium,108.9,108.9,high,low,6,dynadot,,,08/10/2026 12:26
d74a238d-f186-4238-8060-c276ca41c5ef,artist.immobilien,available,30.22,30.22,high,low,6,spaceship,,,08/10/2026 12:26
893304d6-7257-43de-bafd-dbd3f637e76e,artist.lighting,available,18.2,18.2,high,low,6,cloudflare,,,08/10/2026 12:26
c16c758b-bab9-439b-87c9-5ac3e481d713,painting.show,resell,,,high,low,8,"Sav.com, LLC - 28",03/04/2026 15:15,03/04/2027 15:15,26/09/2026 08:00
7091ed11-22a8-4936-b77a-d275ce139c59,artist.video,premium,1293.95,2587.7,high,low,6,spaceship,,,08/10/2026 12:26
1906615b-1937-494d-975c-cbcc060ecc30,artist.observer,premium,13,13,high,low,6,namecheap,,,08/10/2026 12:26
b6c402ba-ff86-49aa-a956-69747bb5922a,artist.racing,premium,103.7,103.7,high,low,6,spaceship,,,08/10/2026 12:26
e7cd1ec5-916a-410d-994e-297d8b61bd03,painting.work,premium,116,11.8,high,low,8,namesilo,,,25/09/2026 07:33
97ed450e-ffb3-4101-8f92-e9e2f67f0af7,artistry.graphics,available,,,high,medium,8,,,,09/10/2026 09:05
2ec4c26c-1ccf-4727-b102-87405b6a3fcf,artist.apartments,premium,108.9,108.9,high,low,6,dynadot,,,08/10/2026 12:26
314e2041-8c49-4645-ab15-d210f2c88791,craft.pink,premium,78.54,78.54,high,medium,5,namesilo,,,24/09/2026 03:48
99d72898-c9df-441c-bbf7-2c031e840dec,gallery.hiv,available,195.99,195.99,high,low,7,namesilo,,,20/09/2026 09:55
16e30aec-7d9f-407a-a40e-2eb52c973266,painting.photography,premium,23.6,23.6,high,low,8,namesilo,,,25/09/2026 07:33
20681f83-0857-453e-86bc-e5f12ca5f605,gallery.lat,premium,832,832,high,low,7,namesilo,,,20/09/2026 09:55
a94074be-858c-476a-b15f-0c659ceb9bb1,artist.tech,available,,,high,low,6,,,,09/10/2026 09:05
be59e3ac-cdb8-4e15-b191-a6bf8a974f0d,artist.cam,premium,414.2,14.69,high,low,6,spaceship,,,08/10/2026 12:26
06ff50f7-d3f2-4a73-8329-0a41523616f5,gallery.cc,resell,,,high,low,7,"Alibaba Cloud Computing (Beijing) Co., Ltd.",26/11/2012 11:16,26/11/2026 11:16,26/09/2026 06:18
6953c1fb-708f-4402-a25a-6d027cbfea93,gallery.dance,available,16.99,27.49,high,low,7,namesilo,,,20/09/2026 09:55
ad59ad47-4411-4add-ade8-5230dff7148c,painting.gg,resell,82.98,,high,low,8,GoDaddy.com LLC (https://www.godaddy.com),,,26/09/2026 08:00
a17b1375-5d63-4e53-9f76-99f81b078681,creative.blue,resell,9775,35.99,high,medium,8,Squarespace Domains II LLC,29/07/2019 10:08,29/07/2028 10:08,08/10/2026 20:55
355eb89b-3571-4171-8549-9b83f28ba6cc,gallery.clothing,available,32.99,32.99,high,low,7,namesilo,,,20/09/2026 09:55
e7fa86ac-6fbf-4a6f-a168-981fcac94ce6,design.ski,premium,108.9,108.9,high,medium,6,dynadot,,,08/10/2026 20:39
d0585b30-dd6d-4947-a9d9-9be26a14c341,design.lawyer,premium,4140,4140,high,medium,6,namesilo,,,08/10/2026 20:39
a3967f9e-3b18-42db-aba9-ff2b06b451f6,gallery.ink,premium,116,116,high,low,7,namesilo,,,20/09/2026 09:55
c88d9d06-a1d0-49eb-9d50-4b3edb30e35c,design.delivery,resell,,,high,medium,6,IONOS SE,29/05/2016 20:50,29/05/2027 20:50,08/10/2026 20:39
9fbccd68-d58f-49c7-9ff1-a3a060cab23e,artist.barcelona,available,25.04,25.04,high,low,6,spaceship,,,08/10/2026 12:26
6f7a774b-797d-4b27-8c1e-2d268cc2bc87,painting.maison,available,57.99,57.99,high,low,8,namesilo,,,25/09/2026 07:33
292701b0-e586-4297-bb18-52af84b3a5c9,gallery.living,premium,116,116,high,low,7,namesilo,,,20/09/2026 09:55
abfe60ff-6fb6-4707-8bad-102739bf527a,arts.uno,premium,5175.2,5175.2,high,low,4,spaceship,,,09/10/2026 20:59
227a5fd5-2e34-4760-9ea9-31e81e813002,painting.golf,available,7.49,64.99,high,low,8,namesilo,,,25/09/2026 07:33
d8e7b186-611e-474f-895f-5c58ec4dc950,gallery.nexus,premium,323.7,323.7,high,low,7,namecheap,,,20/09/2026 09:55
30548d84-d9b9-4fe0-8cdb-f323227335e1,arts.mov,premium,516.67,516.67,high,low,4,spaceship,,,09/10/2026 20:59
5cac4073-0a2f-403c-ab79-9e673c26917f,artist.locker,premium,1035.2,31.25,high,low,6,spaceship,,,08/10/2026 12:26
6043805e-80e0-4783-adad-c89491c701cf,artistry.monster,available,12.3,10.2,high,medium,8,cloudflare,,,08/10/2026 07:01
35762f95-3c13-42e7-a40c-84942033a0de,painting.sexy,available,2998,3298,high,low,8,namecheap,,,25/09/2026 07:33
9c411a3b-e69f-4389-8ad8-809ecb8a49ed,gallery.press,premium,1995,1995,high,low,7,namesilo,,,20/09/2026 09:55
37b3b622-2ad9-4558-926e-7ee833b0fdee,design.channel,premium,1034.17,1034.17,high,medium,6,spaceship,,,08/10/2026 20:39
d621875f-a778-4114-bb12-88eba6b510c9,gallery.cleaning,available,75.49,75.49,high,low,7,namesilo,,,20/09/2026 09:55
c0201888-0441-469d-8aee-c60a30828ecd,design.army,premium,414.2,414.2,high,medium,6,spaceship,,,08/10/2026 20:39
e44f338a-36c1-4320-a5ff-8545db4c57f9,arts.flights,available,58.99,58.99,high,low,4,namesilo,,,09/10/2026 20:59
51aff06c-eff8-4837-a740-c6f6256735d5,design.lgbt,premium,2070.2,2070.2,high,medium,6,spaceship,,,08/10/2026 20:39
9caa276f-58d3-49a4-8bfc-82f346510339,painting.domains,available,42.99,42.99,high,low,8,namesilo,,,25/09/2026 07:33
47a87074-e608-409d-8967-8c45e88fecc5,arts.recipes,available,4.86,62.3,high,low,4,spaceship,,,09/10/2026 20:59
6e5ae560-ce7b-4f81-902c-ea37114651bc,arts.cards,resell,3.99,,high,low,4,"Sav.com, LLC",24/06/2026 18:30,24/06/2027 18:30,09/10/2026 20:59
92245975-0923-4693-bc02-cf42dd8a2e2a,design.date,premium,330,55,high,medium,6,dynadot,,,08/10/2026 20:39
346cfd1f-9e68-423c-b434-535895f01798,painting.shiksha,available,14.99,51.99,high,low,8,namesilo,,,25/09/2026 07:33
a0c7796d-6813-40d7-a9ed-a9a16e004b05,arts.holiday,available,51.95,51.95,high,low,4,spaceship,,,09/10/2026 20:59
996cb77a-4d18-47e8-bf7c-2e5f96559d0b,painting.lawyer,available,62.99,62.99,high,low,8,namesilo,,,25/09/2026 07:33
479e744c-a5a7-49c8-98f1-7c770f28a899,artist.sucks,available,278.98,298,high,low,6,namecheap,,,08/10/2026 12:26
82cd56fd-5cad-49d4-940b-23522f632b2b,gallery.fan,premium,128.7,128.7,high,low,7,namecheap,,,20/09/2026 09:55
14dadc84-8473-466e-8eea-90dbe2a375d8,artist.phd,premium,649.2,671.92,high,low,6,unstoppable,,,08/10/2026 12:26
bbf273ee-c4c8-4ff5-84e2-6e200af2d88a,arts.diamonds,available,54.99,54.99,high,low,4,namesilo,,,09/10/2026 20:59
a8a7fd89-a50f-4ef7-86d5-1b1089dbae80,painting.skin,available,1.8,21.98,high,low,8,namecheap,,,25/09/2026 07:33
ab90fe17-14d2-4b26-b625-dbc61dcfa76e,artistry.voyage,available,,,high,medium,8,,,,09/10/2026 09:05
a30d5ab6-62af-47f1-89ba-324f91b56e31,design.services,resell,,,high,medium,6,Porkbun LLC,06/09/2018 04:05,06/09/2027 04:05,08/10/2026 20:39
ba6a1c3b-40ab-4b0a-8aa4-56aca5f32105,painting.audio,available,108.98,159.98,high,low,8,namecheap,,,25/09/2026 07:33
68ca3266-4f28-412d-97df-33b2097a41af,arts.diy,premium,275,275,high,low,4,dynadot,,,09/10/2026 20:59
c604a355-7fa0-42a2-85ff-9c9435f7a6b3,painting.store,premium,3450,3450,high,low,8,namesilo,,,25/09/2026 07:33
ff52f6b7-d08c-4cf2-bb55-bf3a574d2eff,arts.vegas,available,18.99,43.99,high,low,4,namesilo,,,09/10/2026 20:59
cb167acd-9d2b-46e0-ac0c-25a39a33eaaa,painting.life,resell,,,high,low,8,"GoDaddy.com, LLC",21/09/2019 08:38,21/09/2027 08:38,26/09/2026 08:00
e046e34a-3a89-4ec2-84d2-c85e24c4bbca,gallery.gratis,available,23.99,23.99,high,low,7,namesilo,,,20/09/2026 09:55
1323ed31-f786-4a3e-9442-0fba5d52f984,artistry.flights,available,,,high,medium,8,,,,09/10/2026 09:05
fde6232b-aeac-483d-805c-f4143d0bb110,gallery.hospital,available,57.99,57.99,high,low,7,namesilo,,,20/09/2026 09:55
9864431b-1960-465c-91f1-ea05639f4528,painting.mortgage,available,62.99,62.99,high,low,8,namesilo,,,25/09/2026 07:33
fbb7a297-10fe-48e5-a7b9-17d9181832f2,artist.mortgage,available,49.88,49.88,high,low,6,spaceship,,,08/10/2026 12:26
a34f5361-e830-4d2b-8211-8ac2f497dbca,painting.bike,available,12.99,38.99,high,low,8,namesilo,,,25/09/2026 07:33
39a524b5-1625-4b70-b7b2-cddba67440a6,artistry.camera,available,,,high,medium,8,,,,09/10/2026 09:04
8836bf6b-b3aa-4b9c-8805-5cb8bea90716,painting.download,premium,1107,116,high,low,8,namesilo,,,25/09/2026 07:33
7c684c9d-5980-4108-b0b6-3cf9ee40b4b1,painting.computer,available,23.99,38.99,high,low,8,namesilo,,,25/09/2026 07:33
a2df79f2-25ae-48fb-aedd-f29f2444718c,artist.viajes,available,35.18,35.18,high,low,6,spaceship,,,08/10/2026 12:26
dadcaa1e-e022-49be-a2b1-e841cbab2055,artistry.music,premium,309.67,38.5,high,medium,8,spaceship,,,08/10/2026 07:01
9ff60a81-62fd-4447-af69-2931eeaedf9c,artist.sbs,premium,310.7,621.2,high,low,6,spaceship,,,08/10/2026 12:26
cb5b088c-c3cd-459f-91b0-c60254422539,artistry.college,available,45.2,45.2,high,medium,8,cloudflare,,,08/10/2026 07:01
c2abd274-7a88-47f4-833d-e1ee4045cb15,artist.vegas,premium,260,129.94,high,low,6,namecheap,,,08/10/2026 12:26
07c6ceea-2baf-4c56-a5d9-a84c6fee3182,arts.army,available,18.99,39.99,high,low,4,namesilo,,,09/10/2026 20:59
1ed81430-38a9-40a7-810a-73fbccc9218d,artist.ag,available,82.5,82.5,high,low,6,dynadot,,,08/10/2026 12:26
353d626d-232e-454f-b26c-adae932a26ad,artistry.hockey,available,,,high,medium,8,,,,09/10/2026 09:05
9a8efcad-4528-4c82-b5bb-5e249cf32310,artistry.style,available,,,high,medium,8,,,,09/10/2026 09:05
321e79f9-923e-4f17-88f8-a329c1ba45b9,arts.press,premium,258.95,517.7,high,low,4,spaceship,,,09/10/2026 20:59
e198eff7-6cf2-4102-98ce-8b8843965a7b,creativity.channel,premium,76.7,76.7,high,low,10,namecheap,,,24/09/2026 19:19
4076cc90-cd7e-4a1b-b66e-3c1c61b25675,artistry.inc,premium,1604.45,2070.2,high,medium,8,spaceship,,,08/10/2026 07:01
f37967a8-ae4d-4647-91c6-db0e6b424142,artistry.icu,premium,390,780,high,medium,8,namecheap,,,08/10/2026 07:01
1438dbdd-4bfe-4128-8ef0-b3088f24cbd1,artistry.ltda,available,42.98,46.98,high,medium,8,namecheap,,,08/10/2026 07:01
c2e1b1cc-1302-4b99-8617-ef9f66278df8,gallery.gold,premium,118.8,118.8,high,low,7,namesilo,,,20/09/2026 09:55
618d6d43-3b22-4a80-ac37-82b08bf5853f,sculpture.pink,available,6.48,31.48,high,low,9,namecheap,,,20/08/2026 18:45
a6a9fdd2-e0dc-4150-b0f5-6a1cd8ba97b3,gallery.lighting,premium,242,242,high,low,7,namesilo,,,20/09/2026 09:55
acb9e4af-dd54-4e74-b660-82dd0636c7d1,artist.art,available,,,high,low,6,,,,09/10/2026 09:04
a9d18425-ed63-449b-96a6-843982ffcbdd,artistry.ooo,available,22.21,22.21,high,medium,8,dynadot,,,08/10/2026 07:01
b9228627-353a-455e-95a9-759c3558cff7,design.uno,premium,2587.7,2587.7,high,medium,6,spaceship,,,08/10/2026 20:39
5c8966b2-6208-4b3c-9602-8aeb218d2d90,artist.tube,premium,2600,26,high,low,6,namecheap,,,08/10/2026 12:26
1255eb33-17e6-4235-a9d1-c9c755a3c94b,creativity.monster,available,1.5,21.98,high,low,10,namecheap,,,24/09/2026 19:19
a01d71f9-9045-4b55-87b7-c0160e9c81c1,arts.rodeo,available,10.2,10.2,high,low,4,cloudflare,,,09/10/2026 20:59
32a97683-a0fc-438e-b824-a906bf8882ef,artistry.mom,available,1.24,26,high,medium,8,spaceship,,,08/10/2026 07:01
d3fdb1c9-9460-48b1-a55a-999c84a50ced,artistry.bio,available,,,high,medium,8,,,,09/10/2026 09:04
927c6163-20e1-4ccf-914c-f19269850871,design.mba,resell,,,high,medium,6,"Name.net, Inc.",02/09/2015 16:00,02/09/2027 16:00,08/10/2026 20:39
3a5ff168-1030-4fda-935f-1599562414c6,artist.gay,premium,258.95,258.95,high,low,6,spaceship,,,08/10/2026 12:26
2d3dbf7c-8e1f-47d1-8f07-13a5b1bd7eb0,gallery.adult,resell,,,high,low,7,"Name.com, Inc.",09/06/2017 14:30,09/06/2027 14:30,26/09/2026 06:18
08b3519d-7faf-441d-ba2a-3796d39b9335,arts.day,premium,648.7,648.7,high,low,4,namecheap,,,09/10/2026 20:59
ae3b6839-416f-4854-ab6f-41b1715cb0af,painting.loan,premium,448,53.92,high,low,8,namesilo,,,25/09/2026 07:33
2870681d-aaa6-4db5-afa0-aa01b366dbdb,painting.pink,premium,640,640,high,low,8,namesilo,,,25/09/2026 07:33
074b436c-8cfa-4730-b277-f676d1ac9fea,artistry.supply,available,,,high,medium,8,,,,09/10/2026 09:05
ba95fc66-b9e9-4c80-8aa2-4f374d247c21,artistry.bar,available,3.49,54.99,high,medium,8,namesilo,,,08/10/2026 07:01
8b0cfbfe-03fe-46b0-ae6a-395067e1edbf,creative.red,resell,5290,29.99,high,medium,8,Squarespace Domains II LLC,21/07/2022 13:15,21/07/2028 13:15,08/10/2026 20:55
4dc79668-c181-43de-9387-efdebd9ecd32,gallery.loan,premium,116,29.5,high,low,7,namesilo,,,20/09/2026 09:55
78b6fd26-4880-4b93-a6cd-a69c7487ea86,craft.online,premium,812.5,3250,high,medium,5,namecheap,,,24/09/2026 03:48
0c5fe177-26af-4c71-982e-617d32c9f95a,artistry.reise,available,,,high,medium,8,,,,09/10/2026 09:05
f0526904-4faa-4173-b764-7cc154dcee2d,artistry.cars,available,2140.22,2140.22,high,medium,8,dynadot,,,08/10/2026 07:01
6a400be0-5c36-4b95-b133-e1b15dc65d76,artistry.red,available,,,high,medium,8,,,,09/10/2026 09:05
a1675730-9a49-4d20-a338-f9e0cccd30d0,arts.car,available,1999.99,2199,high,low,4,namesilo,,,09/10/2026 20:59
21c8af34-c020-476c-a133-b56e99275489,arts.hot,premium,1100,1100,high,low,4,dynadot,,,09/10/2026 20:59
b021e231-b9d4-48ef-9ba4-8ddafd705a1f,artistry.pizza,available,,,high,medium,8,,,,09/10/2026 09:05
faf8e655-144c-4287-a867-28c67840091b,painting.luxe,premium,2660,17.7,high,low,8,namesilo,,,25/09/2026 07:33
26e11815-05ea-46a7-95e0-01cadea26ee5,creativity.tattoo,resell,,,high,low,10,"Spaceship, Inc.",22/02/2026 17:45,22/02/2027 17:45,26/09/2026 05:19
65ef090d-8eec-4763-918b-5811e5f5396f,arts.kitchen,available,10.99,64.99,high,low,4,namesilo,,,09/10/2026 20:59
4a0c22ad-1f6f-4cf1-b2ad-5348cf572c85,design.zip,premium,1298.7,1298.7,high,medium,6,namecheap,,,08/10/2026 20:39
ddc7a2a2-c324-4c30-b2f7-16fee8bfae63,artistry.report,available,,,high,medium,8,,,,09/10/2026 09:05
57c2d182-0635-416c-95ef-aec777736f52,design.rest,premium,652.25,931.7,high,medium,6,spaceship,,,08/10/2026 20:39
b4f95837-4fc4-4fd6-9485-6d9c7922a405,artist.talk,premium,62.3,62.3,high,low,6,spaceship,,,08/10/2026 12:26
9e4d004b-0578-4d99-a5e0-00d30ab364ca,arts.supplies,premium,437.29,873.85,high,low,4,porkbun,,,09/10/2026 20:59
00356eff-cbd0-43d8-96ed-c246bf421b93,artistry.online,premium,250.2,302.5,high,medium,8,unstoppable,,,08/10/2026 07:01
cb5d1222-4aec-4ad3-bfb7-857f19815838,gallery.travel,available,27.99,149.99,high,low,7,namesilo,,,20/09/2026 09:55
31b27dcd-8699-4541-aa29-29666e21b485,arts.esq,premium,671.92,671.92,high,low,4,spaceship,,,09/10/2026 20:59
37a6d44c-11f8-409b-a236-6dd014b3c0ad,artistry.careers,available,,,high,medium,8,,,,09/10/2026 09:04
6ae27532-8851-40f2-93d3-4808972052bf,artistry.qpon,available,2.19,11.49,high,medium,8,namesilo,,,08/10/2026 07:01
0f101560-81d1-4324-a4a2-63aba12ad144,design.cars,available,1999.99,2199,high,medium,6,namesilo,,,08/10/2026 20:39
b59c4837-5a92-4f07-bdca-6c7d6b4f038b,artistry.day,available,14,10.55,high,medium,8,unstoppable,,,08/10/2026 07:01
bf8a046c-fec4-4b9f-8830-ce4cf5b5b20f,arts.degree,premium,1107,1107,high,low,4,namesilo,,,09/10/2026 20:59
025a82da-39e7-4757-b132-664381d74c51,artistry.to,available,64.99,64.99,high,medium,8,namesilo,,,08/10/2026 07:01
2167146d-2322-4e19-b3ad-78c1d2adae7c,artistry.surf,available,1.5,26.97,high,medium,8,dynadot,,,08/10/2026 07:01
1cc46716-e255-49d6-a289-72e089ea4a62,artist.bio,premium,,,high,low,6,"Name.com, Inc.",14/08/2019 12:43,14/08/2027 12:43,08/10/2026 12:26
ef447102-d042-4d30-801e-cf70f05716dc,design.auction,premium,1035.2,1035.2,high,medium,6,spaceship,,,08/10/2026 20:39
e4069984-c825-42f3-bb76-5d41559055bb,artist.bar,premium,652.25,931.7,high,low,6,spaceship,,,08/10/2026 12:26
2570b510-281b-4518-a14c-ef1585b23dd5,artistry.gg,available,51.6,51.6,high,medium,8,spaceship,,,08/10/2026 07:01
9ecd4b54-79e0-42d9-b373-dea10d7014dc,artist.download,premium,550,71.5,high,low,6,dynadot,,,08/10/2026 12:26
37d6d0ab-a8b3-47db-9eb2-3f427e8e696b,arts.wedding,available,26.08,26.08,high,low,4,spaceship,,,09/10/2026 20:59
00f9e675-8d22-4717-a095-ec4fa34a5aa4,design.photo,premium,130,130,high,medium,6,namecheap,,,08/10/2026 20:39
598a4c3b-2e27-43dd-966c-d4f2a7147cbb,painting.exchange,available,5.98,49.98,high,low,8,namecheap,,,25/09/2026 07:33
df74812f-2007-42c0-ab29-9c4eb97d4ba4,painting.farm,available,15.99,38.99,high,low,8,namesilo,,,25/09/2026 07:33
06bddf74-875e-44a6-b23d-b08f2f51603c,artistry.tech,premium,64.89,258.95,high,medium,8,spaceship,,,08/10/2026 07:01
11c23821-0132-468a-a216-3d83a7ecada5,arts.hosting,available,279.65,341.75,high,low,4,spaceship,,,09/10/2026 20:59
b92a6023-2ac3-49ed-aa59-a9f84e14ac1e,gallery.engineering,premium,118.8,118.8,high,low,7,namesilo,,,20/09/2026 09:55
1c2d675d-5ef1-4e28-b98a-12372c93ac03,arts.fail,premium,118.8,118.8,high,low,4,namesilo,,,09/10/2026 20:59
014695d6-d5a5-4745-a3cb-42bafb73e137,artistry.engineering,available,,,high,medium,8,,,,09/10/2026 09:04
3222f16f-7092-4492-a3f2-674bdae27de7,painting.style,premium,118.8,118.8,high,low,8,namesilo,,,25/09/2026 07:33
b634511e-5c4c-4382-81e5-4e83fe512e7d,artistry.website,premium,517.7,1035.2,high,medium,8,spaceship,,,08/10/2026 07:01
173e97f0-6234-4099-8ece-0f33346a4939,artist.energy,available,5.98,171.48,high,low,6,namecheap,,,08/10/2026 12:26
1e650c97-a467-42cf-8aeb-5e40f1c900ff,drawing.art,premium,3105.2,72.65,high,low,7,spaceship,,,29/09/2026 16:41
a75000dc-7e98-4a39-bf05-e8de10c2b852,artist.channel,premium,516.67,516.67,high,low,6,spaceship,,,08/10/2026 12:26
d6de04f8-bb2e-4175-a52c-b6bfa098d13e,painting.cheap,available,5.98,49.98,high,low,8,namecheap,,,25/09/2026 07:33
f0419b19-abe5-48d6-9584-3762d976f2da,artist.cars,available,2140.22,2140.22,high,low,6,dynadot,,,08/10/2026 12:26
132571ea-c553-4e7b-bf1c-558ccf1e9b01,drawing.black,available,27.99,64.99,high,low,7,namesilo,,,29/09/2026 16:41
f9bc4754-22d2-489e-9255-4b1b84b4c3fc,painting.immobilien,available,37.99,37.99,high,low,8,namesilo,,,25/09/2026 07:33
a9c495bd-18a9-4003-ba19-4a8b6f4bae7b,painting.win,premium,455,65,high,low,8,namecheap,,,25/09/2026 07:33
e83f1924-afd8-47bc-94e5-b69e47c1cb0e,arts.hair,premium,2070.2,2070.2,high,low,4,spaceship,,,09/10/2026 20:59
88bd7b13-6bd5-4ee2-876f-107fd461abe0,artistry.education,available,,,high,medium,8,,,,09/10/2026 09:05
80c8fea0-cc1c-4a92-b84b-f1822cb38a31,gallery.work,premium,325,13,high,low,7,namecheap,,,20/09/2026 09:55
979c7103-0620-4013-a1ee-9798d351dd02,gallery.gripe,available,6.99,6.99,high,low,7,namesilo,,,20/09/2026 09:55
a3ea7f29-998f-422e-99fc-3065a97100d5,arts.boo,premium,499.2,516.67,high,low,4,unstoppable,,,09/10/2026 20:59
7e0b512e-69bd-4f07-88ea-42c2fab629f3,artistry.cyou,premium,384,768,high,medium,8,namesilo,,,08/10/2026 07:01
948bdecd-d833-4947-afe9-e6247edf1b48,gallery.sexy,available,2749.99,2749.99,high,low,7,namesilo,,,20/09/2026 09:55
a792999b-566e-4a9d-9680-cb6dbe679ede,artistry.soy,available,28.98,39.98,high,medium,8,namecheap,,,08/10/2026 07:01
22df9375-879f-4de6-8b6e-ce2bd813bbef,creative.moi,available,27,25.99,high,medium,8,unstoppable,,,08/10/2026 20:55
66eb0412-c6e0-43c8-825f-fdee24ff512c,gallery.zone,resell,,,high,low,7,Xin Net Technology Corporation,22/09/2018 16:16,22/09/2027 16:16,26/09/2026 06:18
a93456b1-d6e7-4627-8fe5-7661074974a1,creativity.toys,available,14.98,82.48,high,low,10,namecheap,,,24/09/2026 19:19
963e571b-eaac-4562-9123-ddf585baa1b8,artistry.properties,available,,,high,medium,8,,,,09/10/2026 09:05
094b437b-af11-4154-ab89-e6e4369b2335,gallery.pet,resell,,,high,low,7,"Sav.com, LLC - 19",29/04/2026 15:15,29/04/2027 15:15,26/09/2026 06:18
e049da8f-fa3f-43ca-a86a-32276fab5153,artist.study,premium,517.7,517.7,high,low,6,spaceship,,,08/10/2026 12:26
fd0a21e1-3a1a-459b-bd7d-a75d07945e52,painting.credit,available,11.49,104.99,high,low,8,namesilo,,,25/09/2026 07:33
b11a17dd-ccc4-4419-985b-fe8a44cfc4d3,painting.gifts,premium,242,242,high,low,8,namesilo,,,25/09/2026 07:33
bda055d7-7c3f-4909-9db5-29617e9cdcd5,gallery.racing,premium,116,116,high,low,7,namesilo,,,20/09/2026 09:55
1f60c6fa-af79-4193-8953-c9200ff6b98c,artistry.ceo,available,85.2,70.2,high,medium,8,cloudflare,,,08/10/2026 07:01
3dd4ee30-8c02-42c1-843e-d67f7e0ef046,painting.associates,available,18.99,38.99,high,low,8,namesilo,,,25/09/2026 07:33
be88a77a-596d-4eff-bf04-c5f1328947c5,artistry.taxi,available,,,high,medium,8,,,,09/10/2026 09:05
1698945a-e960-4fe3-be86-bcb03850f709,painting.channel,premium,323.7,323.7,high,low,8,namecheap,,,25/09/2026 07:33
5bacd29f-a4c1-4e6f-bd3c-e3830f1d680c,arts.tennis,available,89.99,89.99,high,low,4,namesilo,,,09/10/2026 20:59
8f6d7cc6-c29d-4f8e-8516-d4abeb8b0a7d,artist.pet,available,6.41,20.9,high,low,6,spaceship,,,08/10/2026 12:26
0f9229c9-53bb-4295-9949-50fa2d1a02e2,artist.democrat,available,5.38,26.08,high,low,6,spaceship,,,08/10/2026 12:26
a883f6c0-3a53-4a38-b151-c2d3326d16f2,arts.lifestyle,premium,302.5,302.5,high,low,4,namesilo,,,09/10/2026 20:59
2cef5f24-517d-4c13-bc14-ff06930e9ed5,gallery.actor,premium,118.8,118.8,high,low,7,namesilo,,,20/09/2026 09:55
3b9e8263-18fb-4cec-b1c4-184cf5e8ef6b,design.kids,premium,384,21.24,high,medium,6,namesilo,,,08/10/2026 20:39
64fa9d9a-7eac-4bbb-bf3b-f236e006c83b,gallery.villas,premium,118.8,118.8,high,low,7,namesilo,,,20/09/2026 09:55
948e7d02-e819-4a69-b98e-d5658fdec53b,design.build,premium,,,high,medium,6,,,,08/10/2026 20:39
8a788c23-3d3d-46d7-be47-4984ec974b25,gallery.pictures,resell,,,high,low,7,Dynadot Inc,17/06/2015 16:00,17/06/2027 16:00,26/09/2026 06:18
d78f1513-ee8e-4b5b-bf2c-8360405e94bd,painting.lifestyle,premium,2660,2660,high,low,8,namesilo,,,25/09/2026 07:33
93bdc2de-0e76-4241-9143-54c417552064,artist.film,premium,1300,1300,high,low,6,namecheap,,,08/10/2026 12:26
a94a93f4-6e95-483d-9c9b-f50689e3223f,gallery.cards,premium,520,520,high,low,7,namecheap,,,20/09/2026 09:55
81938c84-fe1f-4ac4-a928-0833b7d03dee,arts.you,premium,302.5,302.5,high,low,4,namesilo,,,09/10/2026 20:59
7ed4dc13-4963-4c00-abb3-b0b070fc2394,creativity.you,premium,65,65,high,low,10,namecheap,,,24/09/2026 19:19
541a0623-b497-4af8-8213-01f4311ed587,artistry.show,available,,,high,medium,8,,,,09/10/2026 09:05
af7b82af-3436-4d98-8af3-b2258d8b088e,arts.maison,premium,242,242,high,low,4,namesilo,,,09/10/2026 20:59
d256f20c-98c9-4f29-9489-23ae47b45589,artistry.desi,available,19.98,22.98,high,medium,8,namecheap,,,02/10/2026 10:58
6b62bf34-2f3b-443d-857a-9dfcf4ea77de,artist.football,available,10.92,23.76,high,low,6,dynadot,,,08/10/2026 12:26
a9ad4191-b57a-4a05-ab7b-5ec351a66921,gallery.xyz,resell,,,high,low,7,Dynadot Inc,13/12/2018 02:08,13/12/2026 23:59,26/09/2026 06:18
12a361c0-9cc6-4a5e-b62a-7b2c348d5214,gallery.mov,premium,323.7,323.7,high,low,7,namecheap,,,20/09/2026 09:55
de908ae9-c50b-4ccf-a47e-f0c29da1081e,artistry.tube,available,23.6,23.6,high,medium,8,namesilo,,,08/10/2026 07:01
cb0cc03d-98c1-4c74-8a95-a4c4c14bacd1,design.pw,premium,1107,1107,high,medium,6,namesilo,,,08/10/2026 20:39
f60dd070-0113-4a0e-b87e-39a2a68335d9,gallery.horse,premium,104,32.5,high,low,7,namecheap,,,20/09/2026 09:55
7005f47a-941f-4bf1-b7e4-d527f89129cd,artistry.works,premium,85.8,85.8,high,medium,8,namecheap,,,08/10/2026 07:01
cf30bbc5-3578-4a30-ac50-c8bd48bd2713,artist.lgbt,available,13.5,79.99,high,low,6,unstoppable,,,08/10/2026 12:26
1e74e722-915b-4b44-bcfa-eaad2b8af237,artist.xxx,available,95.2,95.2,high,low,6,cloudflare,,,08/10/2026 12:26
75ef4be8-c9c4-4652-a564-e64092dfde6d,gallery.town,premium,78.54,78.54,high,low,7,namesilo,,,20/09/2026 09:55
b811bfbc-6573-4a0c-bd20-313e164cb15a,illustration.pics,available,1.99,32.49,high,low,12,namesilo,,,30/09/2026 14:22
0f06bc56-f97e-408a-9f4f-98cd9e5351b7,gallery.protection,available,2070,2950,high,low,7,namecheap,,,20/09/2026 09:55
390a0f0b-8571-468f-9df1-a6370e9f8cc0,design.works,resell,,,high,medium,6,"Global Domains International, Inc. DBA DomainCostClub.com",09/08/2015 16:00,09/08/2028 16:00,08/10/2026 20:39
a87f539c-9169-43c0-8b6f-2052767d1220,artistry.solar,available,,,high,medium,8,,,,09/10/2026 09:05
34f82b30-6f4a-45d5-84aa-3461d28912bd,painting.bet,available,8.98,35.98,high,low,8,namecheap,,,25/09/2026 07:33
27d52992-e522-4fce-9636-2f7cb0b7eb86,sculpture.expert,available,8.98,82.48,high,low,9,namecheap,,,20/08/2026 18:45
64465b4b-eeec-4dda-8f50-e650a77351f0,arts.industries,premium,207.2,207.2,high,low,4,spaceship,,,09/10/2026 20:59
61363f0e-bf4c-4b9d-aa57-d8cddd864b4b,design.auto,available,1863.2,2064.2,high,medium,6,spaceship,,,08/10/2026 20:39
844f100a-5a44-4a36-ab54-d59b7df3d885,artistry.salon,available,,,high,medium,8,,,,09/10/2026 09:05
84d66ee3-8f2a-4720-9c85-40da7b560965,design.tools,resell,,,high,medium,6,"Sav.com, LLC - 49",09/09/2022 13:15,09/09/2032 13:15,08/10/2026 20:39
f81aa589-684c-4bf4-afa9-384bf64f2ab8,arts.blue,resell,,,high,low,4,Squarespace Domains II LLC,10/09/2020 14:30,10/09/2028 14:30,09/10/2026 20:59
2dba068f-324d-4766-9ab9-92f1ca7ff94c,painting.rent,premium,640,640,high,low,8,namesilo,,,25/09/2026 07:33
fefb5aa9-7cf0-4099-a6a3-73a9a9aee87e,design.partners,resell,,,high,medium,6,"Spaceship, Inc.",13/08/2020 18:12,13/08/2027 18:12,08/10/2026 20:39
d725763d-bed2-45ad-9f2a-191ff97860f0,artistry.moi,available,25.99,25.99,high,medium,8,namesilo,,,08/10/2026 07:01
74e2c2f0-c4bb-4b56-a9b2-13129952f6b3,artistry.car,available,1999.99,2199,high,medium,8,namesilo,,,08/10/2026 07:01
4987e5d6-e9f5-46ac-92dc-0a3942cda6af,gallery.hamburg,resell,,,high,low,7,,20/04/2016 14:44,20/04/2027 14:44,26/09/2026 06:18
bbcd072a-1279-4026-8f4b-947506224449,painting.taxi,available,10.99,62.99,high,low,8,namesilo,,,25/09/2026 07:33
bf222114-4d43-4a69-a092-c3d295b34d2e,arts.energy,resell,,,high,low,4,"Spaceship, Inc.",27/01/2026 17:14,27/01/2027 17:14,09/10/2026 20:59
a2b5b44e-8990-478c-8ef3-7004557c8aa4,artist.enterprises,resell,,,high,low,6,Dynadot Inc,16/06/2026 17:00,16/06/2027 17:00,08/10/2026 12:26
96b6d759-8bd1-4a98-ac90-64013923cd9a,painting.hair,available,1.99,17.29,high,low,8,namesilo,,,25/09/2026 07:33
fbf6cc0c-aa91-4ffa-8c72-700abbf861ea,gallery.food,premium,116,116,high,low,7,namesilo,,,20/09/2026 09:55
1785e6c7-301d-4980-a6bb-1364f8b24a04,arts.parts,available,8.78,35.53,high,low,4,dynadot,,,09/10/2026 20:59
b2046bfc-847c-4953-9b12-cf8b8d1aab7c,artist.yoga,available,25.2,25.2,high,low,6,cloudflare,,,08/10/2026 12:26
8deb82b8-bc97-42bd-ba85-d8702a457720,artist.ceo,premium,413.37,413.37,high,low,6,spaceship,,,08/10/2026 12:26
cede817b-5df8-45fb-8c28-1f3cd7abc11c,painting.yoga,available,32.49,32.49,high,low,8,namesilo,,,25/09/2026 07:33
9d5d6b7c-d88b-4013-9406-6c72798dbc34,design.id,resell,,,high,medium,6,PT Exabytes Network Indonesia,20/09/2020 00:25,20/09/2027 23:59,08/10/2026 20:39
0bd75d12-9b93-48ea-a26f-7ba9dffe48ed,gallery.guru,premium,242,242,high,low,7,namesilo,,,20/09/2026 09:55
d8d99066-d515-4a60-acd4-a96496c09ddd,artistry.gripe,available,,,high,medium,8,,,,09/10/2026 09:05
8631f371-441c-496c-9740-947acb35fccf,painting.lat,available,1.99,32.49,high,low,8,namesilo,,,25/09/2026 07:33
318634df-5b2a-4c98-94ac-12b1c09edf3f,artist.giving,available,6.41,22.39,high,low,6,spaceship,,,08/10/2026 12:26
235499e7-4b50-427b-a83d-5040acdebcf1,gallery.win,premium,448,53.92,high,low,7,namesilo,,,20/09/2026 09:55
076d9505-2705-4bfa-82c9-91b9b211cfdb,artistry.ryukyu,available,17.98,22.98,high,medium,8,namecheap,,,08/10/2026 07:01
562a9b93-df15-49df-9b28-da415a3b0c95,painting.reise,available,27.89,97.99,high,low,8,namesilo,,,25/09/2026 07:33
1852b6fe-c1b5-4492-b262-3fec3f3c581f,arts.forex,available,80.2,80.2,high,low,4,cloudflare,,,09/10/2026 20:59
57018540-9128-466e-bec1-6405ab7b5ff8,painting.vet,available,41.99,41.99,high,low,8,namesilo,,,25/09/2026 07:33
26a8c0f0-159a-41ad-9e2e-8f29eb1cf00a,design.organic,available,17.99,85.99,high,medium,6,namesilo,,,08/10/2026 20:39
f72fd04d-30ef-4588-99fa-ff56086daf3d,gallery.shoes,available,64.99,64.99,high,low,7,namesilo,,,20/09/2026 09:55
9cfb8c78-e8dc-447a-bb39-767ea3e36679,artistry.cricket,premium,448,53.92,high,medium,8,namesilo,,,08/10/2026 07:01
b28e7589-57e8-4e7a-b9df-1983c8b3c2d3,design.investments,available,12.99,129.99,high,medium,6,namesilo,,,08/10/2026 20:39
e6889d6b-cff5-44a9-8fd8-41c802f552bc,creativity.ooo,available,,,high,low,10,,,,24/09/2026 19:19
61ef681c-1ea1-40cd-b586-68aa7fceb157,artist.stream,premium,2587.7,103.7,high,low,6,spaceship,,,08/10/2026 12:26
58621dcf-87b2-41f8-8f7a-b04da5195b0a,arts.navy,available,109.99,109.99,high,low,4,namesilo,,,09/10/2026 20:59
cdd7c7a2-fcce-4d0f-ac93-c2a5e0454cff,design.living,premium,2200,2200,high,medium,6,dynadot,,,08/10/2026 20:39
f709531d-9fc4-4632-aa2c-98dd9843cfb3,gallery.movie,available,47.99,349.99,high,low,7,namesilo,,,20/09/2026 09:55
410d4b7a-93f3-4414-9735-2dddb340b2a8,arts.wiki,resell,,,high,low,4,West263 International Limited,16/12/2020 02:09,16/12/2026 23:59,09/10/2026 20:59
0e85a9a4-00f8-4bf5-b415-48a81d660b78,sculpture.miami,premium,50,30.99,high,low,9,name.com,,,20/08/2026 18:45
4d27c9f5-5fbb-465f-aa78-169dbf53ea85,gallery.repair,available,12.99,36.99,high,low,7,namesilo,,,20/09/2026 09:55
f55da160-4013-4823-b0af-9d43b17c654b,creativity.xxx,available,69.98,154.98,high,low,10,namecheap,,,24/09/2026 19:19
1bde741c-f1f6-4284-ac84-af38d91fba4a,painting.cat,available,26.98,38.98,high,low,8,namecheap,,,25/09/2026 07:33
0b117b43-babc-4b1b-978b-8642eb0d15d5,design.cruises,premium,207.2,207.2,high,medium,6,spaceship,,,08/10/2026 20:39
aac55d36-4c7f-4603-b477-f40a6a506fb3,artist.lawyer,available,49.88,49.88,high,low,6,spaceship,,,08/10/2026 12:26
bd7b52e6-3911-47a3-b4a7-d04058385fae,artist.store,premium,647.08,2587.7,high,low,6,spaceship,,,08/10/2026 12:26
f35fd6a3-e308-4ace-bceb-c1ac38c64ae0,gallery.auto,available,1999.99,2199,high,low,7,namesilo,,,20/09/2026 09:55
4844a5c4-b852-48ee-abd0-081e5b9fa409,arts.jewelry,available,51.95,51.95,high,low,4,spaceship,,,09/10/2026 20:59
b4261fc9-23d7-4a18-85bb-09e28955351a,painting.exposed,available,22.49,22.49,high,low,8,namesilo,,,25/09/2026 07:33
0fb6d4e1-3c49-423d-8fdb-60e7b1e4e890,artist.academy,resell,,,high,low,6,"Spaceship, Inc.",12/06/2021 08:24,12/06/2027 08:24,08/10/2026 12:26
2eaccd41-9371-4ddf-932a-31a2d5545332,design.webcam,premium,103.7,26.08,high,medium,6,spaceship,,,08/10/2026 20:39
a2303169-1af3-474e-9171-f3f6af36fe09,painting.bar,premium,576,576,high,low,8,namesilo,,,25/09/2026 07:33
6d78d244-7e53-457f-8c66-3e6db75fa95e,artistry.melbourne,available,58,58,high,medium,8,namesilo,,,08/10/2026 07:01
96d67baa-edee-409c-a95e-81f21e44ef85,arts.reviews,premium,102.67,102.67,high,low,4,spaceship,,,09/10/2026 20:59
4a863f0d-ffbb-4956-bab3-71e9c9ed7fcd,painting.rip,available,23.49,23.49,high,low,8,namesilo,,,25/09/2026 07:33
f878ac99-3b61-4b1c-952e-033be487c8cc,painting.jewelry,available,64.99,64.99,high,low,8,namesilo,,,25/09/2026 07:33
40ce26ab-eeb3-4d26-9fd1-dd039360c30b,design.red,resell,,,high,medium,6,"Sav.com, LLC - 6",17/07/2023 17:00,17/07/2027 17:00,08/10/2026 20:39
9695a548-ef00-4d12-845a-7a576919a072,arts.cheap,available,8.5,30.18,high,low,4,unstoppable,,,09/10/2026 20:59
cc826f65-fe9d-46b9-b6f7-1244fa1e55be,artistry.immobilien,available,,,high,medium,8,,,,09/10/2026 09:05
d693cd7f-1a49-4f9b-a875-1adcb8d83796,artist.it,resell,,,high,low,6,,22/09/2000 00:00,21/04/2027 00:00,08/10/2026 12:26
07f1a2d8-be7f-4997-a257-785e627da1c6,artist.id,resell,,,high,low,6,PT Exabytes Network Indonesia,18/06/2021 00:12,18/06/2027 23:59,08/10/2026 12:26
2db462a0-7cba-451f-b8b1-a6c89e2c6423,arts.study,premium,5175.2,5175.2,high,low,4,spaceship,,,09/10/2026 20:59
99924a58-92a1-4543-aa1a-68edf50a2a26,gallery.dating,premium,242,242,high,low,7,namesilo,,,20/09/2026 09:55
93f19bea-86d6-4e81-9b77-54df42b56d7b,creativity.living,available,1.8,48.98,high,low,10,namecheap,,,24/09/2026 19:19
c23015ec-f1af-4963-ba21-d1612333ccfa,design.condos,premium,512,512,high,medium,6,namesilo,,,08/10/2026 20:39
8f149d35-32fd-4923-926b-230284e64ef6,gallery.qpon,premium,3450,23.54,high,low,7,namesilo,,,20/09/2026 09:55
529847d3-8a53-4471-94a6-37be80e16838,arts.rip,available,18.83,18.83,high,low,4,spaceship,,,09/10/2026 20:59
012a5623-885e-4f87-a495-698f5d201062,painting.land,resell,,,high,low,8,"GoDaddy.com, LLC",30/09/2016 16:20,30/09/2027 16:20,01/10/2026 04:43
7e0a50ed-fd3c-4781-9ac7-dd09004aae1b,design.food,premium,1449.2,2070.2,high,medium,6,spaceship,,,08/10/2026 20:39
c5fea3a3-38e1-48b0-8934-832a57e2cd7a,painting.company,resell,,,high,low,8,"Spaceship, Inc.",26/06/2015 23:15,26/06/2027 23:15,26/09/2026 08:00
9e18b541-569a-4df8-81ba-2acfceebc270,painting.fish,available,44.49,44.49,high,low,8,namesilo,,,25/09/2026 07:33
9381f566-e8b7-4080-ac6e-03eec5949552,gallery.legal,available,71.99,71.99,high,low,7,namesilo,,,20/09/2026 09:55
fea02ab9-65b7-4137-b2e3-1fc2ee61ca54,artistry.claims,available,,,high,medium,8,,,,09/10/2026 09:04
617baa51-e967-49e6-90a2-7a7e99e4fec4,creative.site,premium,6900,6900,high,medium,8,namesilo,,,08/10/2026 20:55
3148086e-8703-49f5-b925-c457b31d508f,arts.game,available,309.99,429.99,high,low,4,namesilo,,,09/10/2026 20:59
8610f9bf-301e-4b66-ba6e-6acf6ced0b73,sculpture.xxx,available,69.98,154.98,high,low,9,namecheap,,,20/08/2026 18:45
b4b5c69f-1b4a-4724-ae60-37a04112e77c,artistry.vin,available,,,high,medium,8,,,,09/10/2026 09:05
a79469d3-c4ac-4c5c-a6d3-c907485f73ca,drawing.online,premium,6900,6900,high,low,7,namesilo,,,29/09/2026 16:41
f0818aaa-7326-455f-a16b-095337650816,artistry.industries,available,,,high,medium,8,,,,09/10/2026 09:05
e6ca00b6-f639-4cda-914e-9a5ea079b28a,canvas.cruises,available,56.99,56.99,high,medium,6,namesilo,,,24/09/2026 12:10
3c92583a-d821-46f3-b380-a4ac6c9e67a7,craft.bar,premium,3105,3105,high,medium,5,namesilo,,,24/09/2026 03:48
0824ab61-e690-48f5-bc25-173d740c080f,gallery.group,resell,,,high,low,7,Alibaba Cloud Computing Ltd. d/b/a HiChina (www.net.cn),08/06/2016 16:00,08/06/2030 16:00,26/09/2026 06:18
b257cee0-2f8f-4184-a2c4-edc97ff55c9e,artist.builders,available,28.15,28.15,high,low,6,spaceship,,,08/10/2026 12:26
44062eba-ee8c-4e5f-89fb-8b7b88ec9123,painting.support,available,8.99,26.99,high,low,8,namesilo,,,25/09/2026 07:33
15e41e53-278b-46f7-948b-f21b3abc664a,painting.loans,available,20.99,116.99,high,low,8,namesilo,,,25/09/2026 07:33
0e68f11f-455e-40af-b287-2d478b8bcd62,artistry.zone,available,,,high,medium,8,,,,09/10/2026 09:05
5c8e4818-0424-43ea-8dcc-930f6ee322ea,artist.bond,resell,,,high,low,6,Dynadot Inc,13/02/2026 13:11,13/02/2027 23:59,08/10/2026 12:26
c69a202a-18f9-41af-b6cd-2a185e50b4e3,artistry.dating,available,,,high,medium,8,,,,09/10/2026 09:04
8068433a-2313-42bd-a1ea-64fc1821e6db,craft.site,premium,812.5,3250,high,medium,5,namecheap,,,24/09/2026 03:48
f293c10a-7149-4245-8bfb-b2e1317a506d,painting.black,premium,640,640,high,low,8,namesilo,,,25/09/2026 07:33
8d7e0ec6-64c0-4d2e-ad8e-3e06dfedc1c0,drawing.agency,resell,,,high,low,7,"Sav.com, LLC - 38",18/01/2026 15:15,18/01/2027 15:15,29/09/2026 16:41
46e4f168-7fc3-449e-8f4e-0edaf0a4a0ec,sculpture.zone,available,8.98,51.98,high,low,9,namecheap,,,20/08/2026 18:45
f3d87f29-c3ff-4dd2-a7fd-528bed3a4bb6,gallery.fyi,premium,78.54,78.54,high,low,7,namesilo,,,20/09/2026 09:55
e3b92d3d-7817-4f72-9f70-e6f24c12d516,artist.travel,available,16.27,133.97,high,low,6,dynadot,,,08/10/2026 12:26
1e5dfc3a-8091-4bb4-88df-466f5e71ae46,creativity.actor,available,9.48,54.98,high,low,10,namecheap,,,24/09/2026 19:19
2c7ad918-2494-4511-bd9a-6952fd8de9db,artistry.bid,premium,448,53.92,high,medium,8,namesilo,,,08/10/2026 07:01
e83814a9-691d-4a0f-b127-abeb89468d5e,craft.hospital,available,57.99,57.99,high,medium,5,namesilo,,,24/09/2026 03:48
97963797-02d0-44bd-b4f8-b67f078a19a7,artist.reviews,premium,207.2,207.2,high,low,6,spaceship,,,08/10/2026 12:26
c99d833f-9626-46f1-aff6-e5f8bfa2f861,arts.win,premium,130,32.5,high,low,4,namecheap,,,09/10/2026 20:59
dd4d8a06-8d4e-427e-ae02-2361ee9d8c45,arts.market,premium,512,512,high,low,4,namesilo,,,09/10/2026 20:59
79632095-7c15-4010-9aeb-d39c39a6f3d0,artistry.marketing,available,,,high,medium,8,,,,09/10/2026 09:05
e88801e8-427b-4b7e-bc7b-d102d601eb41,design.reviews,premium,1040,1040,high,medium,6,namecheap,,,08/10/2026 20:39
230aa9fc-0c7f-46fc-89ae-b358eba0cb52,painting.desi,available,19.98,22.98,high,low,8,namecheap,,,25/09/2026 07:33
4f8f04a3-9c7c-452e-a13f-1243cb6cbbe6,arts.football,available,10.92,23.76,high,low,4,dynadot,,,09/10/2026 20:59
af31a44c-3c5e-4ed5-8f87-fa84303950d4,creativity.vodka,available,33.98,43.98,high,low,10,namecheap,,,24/09/2026 19:19
8f4226b3-02a7-4eeb-b229-59aad175fb6d,artist.website,premium,258.95,517.7,high,low,6,spaceship,,,08/10/2026 12:26
d22b2926-bc0e-404d-8d51-ea2c64f8ca09,arts.healthcare,available,103.48,123.48,high,low,4,namecheap,,,09/10/2026 20:59
11bfa821-a57e-4e6b-a029-a6a04a67ebf9,painting.parts,available,12.99,41.99,high,low,8,namesilo,,,25/09/2026 07:33
54467ae2-f173-47a7-828a-56657e9a5574,artistry.yachts,available,1.99,17.29,high,medium,8,namesilo,,,08/10/2026 07:01
22f9375f-2898-4b02-99b5-91b243747cf3,design.realty,premium,3450,3450,high,medium,6,namesilo,,,08/10/2026 20:39
6ff2f574-1666-4bb6-a849-3ff3b3e57f48,drawing.photo,premium,130,130,high,low,7,namecheap,,,29/09/2026 16:41
0786e66a-f673-4d09-9f29-cf3770e124dd,painting.dealer,premium,4278,2660,high,low,8,namesilo,,,25/09/2026 07:33
3657c2b6-7505-4b5b-a7e4-9096be41b82a,creativity.blue,available,13.98,32.98,high,low,10,namecheap,,,24/09/2026 19:19
0a239157-6f17-43f0-81c7-b21163f91471,canvas.hiphop,available,23.99,23.99,high,medium,6,namesilo,,,24/09/2026 12:10
a1911062-dbca-4cfa-9f89-eb0e6065efda,gallery.healthcare,available,88.99,88.99,high,low,7,namesilo,,,20/09/2026 09:55
1b333d4b-e1ee-461b-89c3-d854f100e279,painting.capital,available,10.99,71.99,high,low,8,namesilo,,,25/09/2026 07:33
733367da-3d03-462d-ac96-24d6afb14f46,artistry.movie,available,,,high,medium,8,,,,09/10/2026 09:05
a8dc2c45-033a-442f-8b31-01601cd51707,museum.ninja,available,15.99,30.99,high,low,6,namesilo,,,25/09/2026 23:47
543dcab5-8d3b-4e1e-8e1c-6aad48ad6d1b,museum.storage,available,509.99,529.99,high,low,6,namesilo,,,25/09/2026 23:47
8aeda7c8-d0b2-4c7c-b8ee-b0e2cc6d0590,museum.build,premium,650,650,high,low,6,namecheap,,,25/09/2026 23:47
67144a0b-8fd5-41c0-baf6-bf8052626c5a,sculpture.contractors,available,9.99,45.99,high,low,9,name.com,,,20/08/2026 18:45
e152443c-e9ce-46b1-a0b3-2c83315ab010,painting.events,resell,,,high,low,8,"GoDaddy.com, LLC",10/07/2016 05:51,10/07/2027 05:51,26/09/2026 08:00
6ca7428f-5ba0-42b0-b92b-a311326061fb,design.sale,premium,207.2,207.2,high,medium,6,spaceship,,,08/10/2026 20:39
3f61862b-6db0-4591-9688-e9bd2a91f1ff,canvas.vodka,available,32.49,32.49,high,medium,6,namesilo,,,24/09/2026 12:10
34acfe1a-5329-42c1-b3f5-79600f7eddb7,painting.vote,available,34.99,90.99,high,low,8,namesilo,,,25/09/2026 07:33
3d61acf1-cf85-4ae3-aae4-1c91a0b51793,arts.it,resell,,,high,low,4,,20/08/2015 16:00,20/08/2027 00:00,09/10/2026 20:59
6aca47c5-7734-4f5a-951b-95dfd042515c,sculpture.plumbing,available,14.99,94.99,high,low,9,name.com,,,20/08/2026 18:45
38ab52b2-415e-479f-a737-bce8d324e2e7,sculpture.adult,available,69.98,166.98,high,low,9,namecheap,,,20/08/2026 18:45
0f0492d1-4d0b-47bf-986e-52f69c28403e,craft.restaurant,available,20.99,64.99,high,medium,5,namesilo,,,24/09/2026 03:48
00b9cf47-8485-414a-b116-1209727bce61,gallery.how,premium,122.2,122.2,high,low,7,namecheap,,,20/09/2026 09:55
33e30612-ac46-40d9-9d5a-c67e1bfe3e4a,canvas.sexy,available,2998,3298,high,medium,6,namecheap,,,24/09/2026 12:10
718be0ec-8183-4f68-840a-7fd7c1b54607,museum.health,resell,,,high,low,6,Dynadot Inc,03/07/2026 17:38,03/07/2027 17:38,26/09/2026 07:41
b6508e32-e835-486f-8614-e58a7e06fba5,artistry.garden,available,1.24,26.08,high,medium,8,spaceship,,,08/10/2026 07:01
c9813424-176c-433a-bc59-5ed09d74bdad,design.science,premium,2587.7,103.7,high,medium,6,spaceship,,,08/10/2026 20:39
b3171236-5795-4324-a7a4-94eaf0be3857,painting.delivery,available,6.75,61.99,high,low,8,namesilo,,,25/09/2026 07:33
8506bdea-09f6-43da-b592-62e6b5e49d8a,painting.christmas,available,34.99,34.99,high,low,8,namesilo,,,25/09/2026 07:33
b41a9614-34ba-43b1-aa20-86ae295b3393,museum.poker,available,5.98,85.98,high,low,6,namecheap,,,25/09/2026 23:47
af395afa-24ce-44a4-89fa-467109e24a68,craft.boutique,resell,,,high,medium,5,Porkbun LLC,18/07/2020 16:16,18/07/2027 16:16,26/09/2026 05:18
dbe69b25-7671-4f8a-a0a2-7a965c1024f1,creativity.town,available,6.98,47.48,high,low,10,namecheap,,,24/09/2026 19:19
6f60a5f6-be33-4d0d-80d1-381930f5aa1f,craft.theatre,available,509.99,529.99,high,medium,5,namesilo,,,24/09/2026 03:48
9a181490-40f6-49fd-8f7e-6a3848bf06db,gallery.reisen,premium,260,260,high,low,7,namecheap,,,20/09/2026 09:55
93568a13-b5ff-4ac2-9606-59e624acb5de,artistry.gives,available,6.41,22.39,high,medium,8,spaceship,,,08/10/2026 07:01
4aa2498d-c69d-4eb5-b462-7c2a34dcc26d,creativity.miami,available,24.98,30.98,high,low,10,namecheap,,,24/09/2026 19:19
eff99f94-0bdb-41ff-b6c8-d119319ecc95,drawing.photos,premium,20.9,20.9,high,low,7,spaceship,,,29/09/2026 16:41
b5a0aa2b-ab5c-4c19-b89c-fea3d04b7580,gallery.tickets,available,359.99,488.88,high,low,7,namesilo,,,20/09/2026 09:55
a55d5219-f628-4f3f-9e24-91bfab58649d,museum.degree,available,52.99,52.99,high,low,6,namesilo,,,25/09/2026 23:47
bd55adf2-5da9-4b36-a950-2c3c74f99ec1,gallery.tennis,premium,118.8,118.8,high,low,7,namesilo,,,20/09/2026 09:55
583bee69-62ea-4b07-8431-479c9abeeb92,gallery.lease,premium,85.8,85.8,high,low,7,namecheap,,,20/09/2026 09:55
8622bf1b-89b9-4557-8cb0-34b310eeaf3d,creativity.adult,available,69.98,166.98,high,low,10,namecheap,,,24/09/2026 19:19
ea02a6db-05ba-4721-b8ee-54b3c4970117,creativity.promo,available,11.98,33.48,high,low,10,namecheap,,,24/09/2026 19:19
a56be01c-7d91-48c1-a47d-553d8888906c,gallery.green,premium,640,640,high,low,7,namesilo,,,20/09/2026 09:55
8f0b7071-be03-43d1-bdc7-636813e6aa05,arts.furniture,available,27.99,94.99,high,low,4,namesilo,,,09/10/2026 20:59
207da9bc-fac8-4eb6-b46c-2abea53559b9,gallery.gifts,premium,78.54,78.54,high,low,7,namesilo,,,20/09/2026 09:55
4e9e18fc-4293-428f-8964-f6ccef42ccc5,gallery.date,premium,384,53.92,high,low,7,namesilo,,,20/09/2026 09:55
4eb04189-bf8d-4baf-9067-b6a887562981,painting.you,premium,65,65,high,low,8,namecheap,,,25/09/2026 07:33
c1ac8ae0-80c7-48db-856d-54fc4c99dfeb,arts.cleaning,available,60.23,60.23,high,low,4,spaceship,,,09/10/2026 20:59
08045885-88bf-481c-ae74-209ef7adf302,creativity.bar,available,2.8,81.98,high,low,10,namecheap,,,24/09/2026 19:19
c6d7b9f0-8967-4d8d-9276-1ff75edd4e5a,gallery.page,premium,638.72,638.72,high,low,7,namesilo,,,20/09/2026 09:55
18317cd0-a175-4ed8-a701-9db21410bad9,arts.host,premium,517.7,1035.2,high,low,4,spaceship,,,09/10/2026 20:59
7e923c42-3987-4895-88ed-781f0962f978,museum.rehab,available,36.99,36.99,high,low,6,namesilo,,,25/09/2026 23:47
2b5be15c-84c3-41e6-bcf9-ae6f6d7026a6,artist.rsvp,premium,499.2,648.7,high,low,6,unstoppable,,,08/10/2026 12:26
734600b0-d16a-40f9-8c14-c1d083750308,artistry.dog,available,,,high,medium,8,,,,09/10/2026 09:05
2925ec84-29ff-4515-9a4d-c4e2ab24d27a,creative.foo,premium,133.72,133.72,high,medium,8,spaceship,,,08/10/2026 20:55
0c75a830-b85a-4603-9078-238b1ffcd926,artistry.bet,available,,,high,medium,8,,,,09/10/2026 09:04
068fd112-14b8-4608-af17-9e50fbef5aae,artistry.ing,available,10.55,10.55,high,medium,8,spaceship,,,08/10/2026 07:01
9fcf6e81-07fe-4fa0-a5d9-e00fb19653ba,painting.army,available,18.99,39.99,high,low,8,namesilo,,,25/09/2026 07:33
f2dc4fed-3bcf-4cbf-b6e0-bc8f8234ac4a,artist.sex,available,53.72,101.87,high,low,6,dynadot,,,08/10/2026 12:26
eb26021b-4df1-4a88-add3-2eca5e9add23,artist.graphics,premium,414.2,414.2,high,low,6,spaceship,,,08/10/2026 12:26
33ecd58c-ae06-4a3c-83bf-19d17e428001,drawing.productions,available,8.24,32.44,high,low,7,porkbun,,,29/09/2026 16:41
9ee64b87-dc01-42bd-973a-468ed64e8832,painting.racing,premium,116,116,high,low,8,namesilo,,,25/09/2026 07:33
299d2dc3-50ed-4772-b5f4-1fba0075c3b9,creativity.reisen,available,21.98,28.98,high,low,10,namecheap,,,24/09/2026 19:19
e05804af-54e0-4cc4-8bb8-fcb654ddb9d5,artistry.kitchen,available,,,high,medium,8,,,,09/10/2026 09:05
995c9afc-9cdb-4e91-bd60-78385bac61b2,artistry.bike,available,,,high,medium,8,,,,09/10/2026 09:04
8436bbd5-d981-4921-a6aa-0460f478bcff,craft.mobile,premium,1300,1300,high,medium,5,namecheap,,,24/09/2026 03:48
2af7b35c-d6d3-430a-94d8-26beb4ad38e5,design.discount,premium,38.94,38.94,high,medium,6,namesilo,,,08/10/2026 20:39
5d4edb24-3d2f-471a-8870-d1063f3ae0e8,gallery.band,available,20.99,31.49,high,low,7,namesilo,,,20/09/2026 09:55
c459ab9f-3010-4bab-9995-1ffa54de457b,painting.ceo,premium,254.72,254.72,high,low,8,namesilo,,,25/09/2026 07:33
647505c5-d117-4066-b0eb-78cc13984041,canvas.toys,available,17.99,64.99,high,medium,6,namesilo,,,24/09/2026 12:10
bafdb4e3-fd84-416d-b256-189612ec5bc8,painting.builders,available,35.99,35.99,high,low,8,namesilo,,,25/09/2026 07:33
5ef5dcb1-c048-4bb2-9606-7e8953f9ff7a,creativity.best,available,2.28,29.98,high,low,10,namecheap,,,24/09/2026 19:19
4e497447-026a-4a0b-9596-b52d68f17459,artistry.observer,available,9.49,9.49,high,medium,8,spaceship,,,08/10/2026 07:01
3a7b7dbe-3752-4d90-937d-fe0ea7e9c5dc,canvas.men,available,5.25,6.25,high,medium,6,namesilo,,,24/09/2026 12:10
55a92f50-d076-4f3f-a430-4e04b28b8904,artist.us,resell,,,high,low,6,"GoDaddy.com, LLC",24/04/2002 14:03,23/04/2027 23:59,08/10/2026 12:26
17ec505f-fbff-4b9a-8c4d-df3bb911de06,gallery.cars,available,1999.99,2199,high,low,7,namesilo,,,20/09/2026 09:55
8eafc356-86d0-4069-b162-5232a6714263,creativity.download,premium,455,65,high,low,10,namecheap,,,24/09/2026 19:19
e23b8ff2-6c0c-4c88-a43b-5ce38c356c78,design.supplies,premium,854,854,high,medium,6,namesilo,,,08/10/2026 20:39
41c3e54e-1089-4d0f-9ac6-a8f530135330,museum.design,premium,2660,2660,high,low,6,namesilo,,,25/09/2026 23:47
c369a87b-178f-4753-a37f-03063bff5fa8,painting.tickets,available,359.99,488.88,high,low,8,namesilo,,,25/09/2026 07:33
6272ff6d-e8d2-4de6-9895-f91f38da46f3,gallery.ing,premium,845,845,high,low,7,namecheap,,,20/09/2026 09:55
fdc9b6c8-1838-49f7-9db9-93d6e52244fd,gallery.democrat,available,7.25,32.99,high,low,7,namesilo,,,20/09/2026 09:55
05a2131c-6383-4686-b134-c84fbd2a4a2a,gallery.science,premium,640,77.35,high,low,7,namesilo,,,20/09/2026 09:55
afd44279-3125-467f-bcb2-932940ce1abd,creativity.attorney,available,65.98,76.98,high,low,10,namecheap,,,24/09/2026 19:19
dd7f7a89-463e-4464-80d7-3bbc68c2869b,artistry.games,available,,,high,medium,8,,,,09/10/2026 09:05
8744bfc4-7226-4cb2-8725-d88e2b9eb43c,museum.holiday,available,64.99,64.99,high,low,6,namesilo,,,25/09/2026 23:47
74f1e6ea-623e-4e50-b169-d5e00eb3b715,gallery.army,available,18.99,39.99,high,low,7,namesilo,,,20/09/2026 09:55
f5cef782-d514-4274-9e53-ec722785fc4a,arts.voting,available,978.6,978.6,high,low,4,dynadot,,,09/10/2026 20:59
ad2a6865-3b1c-4ff4-9979-f897d21ccf7f,canvas.gmbh,available,45.99,45.99,high,medium,6,namesilo,,,24/09/2026 12:10
da4c9762-a5ec-4c12-bd18-ab70cee5c9b9,arts.theatre,available,500.2,500.2,high,low,4,cloudflare,,,09/10/2026 20:59
8cdfdd07-58c1-48cf-9c1e-8960a01e7933,arts.hockey,available,8.24,54.79,high,low,4,dynadot,,,09/10/2026 20:59
4531c823-23ed-48ae-89c0-a7301156fe3c,creativity.feedback,available,9.98,489.98,high,low,10,namecheap,,,24/09/2026 19:19
d0529354-eb6b-49bd-a5c7-0a9b81a0123b,artist.kim,premium,517.7,517.7,high,low,6,spaceship,,,08/10/2026 12:26
a6fd7ce8-642a-49cc-bdc9-5240989443f9,painting.bz,available,21.98,26.98,high,low,8,namecheap,,,25/09/2026 07:33
8d62698f-7e5c-4f0f-87b3-252012cf4c67,craft.sexy,premium,13800,13800,high,medium,5,namesilo,,,24/09/2026 03:48
8c29e3f6-2975-47c2-b487-836cfb57a915,design.locker,premium,13000,39,high,medium,6,namecheap,,,08/10/2026 20:39
c2de3570-7f0a-4251-ad42-5f6219c15196,sculpture.bingo,available,14.99,77.99,high,low,9,name.com,,,20/08/2026 18:45
b98090f0-39df-4766-9a89-3b84b3d49347,gallery.vip,resell,,,high,low,7,Dynadot Inc,03/08/2023 04:53,03/08/2029 04:53,26/09/2026 06:18
2e394163-86ce-4314-b25f-3755eac98fa0,sculpture.fm,available,69.98,118.98,high,low,9,namecheap,,,20/08/2026 18:45
16ad65c6-ad46-4281-9ce6-c2b7b5603b36,artistry.dentist,available,,,high,medium,8,,,,09/10/2026 09:04
c1a182eb-8665-42f8-833a-d3b7d85c056d,design.immobilien,available,8.24,32.32,high,medium,6,dynadot,,,08/10/2026 20:39
4f0e7818-7712-4071-9901-3c4a1ae3a302,exhibition.page,premium,61.27,61.27,high,low,10,spaceship,,,29/09/2026 18:34
4d377e77-cbc8-4c35-a185-76137d6d382a,arts.moi,available,25.99,25.99,high,low,4,namesilo,,,09/10/2026 20:59
c8e6dcc2-c2b5-4cde-a9a7-4733bde8628a,arts.kiwi,premium,78,78,high,low,4,namecheap,,,09/10/2026 20:59
6defe922-61aa-4cf8-a536-8aafeba1438e,craft.apartments,available,57.99,57.99,high,medium,5,namesilo,,,24/09/2026 03:48
8f250915-d58c-4037-8eb6-c9d8cd11ff7b,creativity.tienda,available,62.98,74.98,high,low,10,namecheap,,,24/09/2026 19:19
5a3b1f07-90bd-46ee-821e-055d737db74c,sculpture.cool,available,5.98,50.98,high,low,9,namecheap,,,20/08/2026 18:45
f8bd913a-9e8f-4519-a2ea-359c35666e7c,sculpture.hiv,available,184.99,184.99,high,low,9,name.com,,,20/08/2026 18:45
34be9930-2e1b-415a-b1eb-d5e21d24e473,sculpture.theater,available,19.99,83.99,high,low,9,name.com,,,20/08/2026 18:45
2381745c-4d7c-4f39-a81b-fd5df1e095ed,artist.realty,available,280.2,280.2,high,low,6,cloudflare,,,08/10/2026 12:26
a874e4b3-2c1c-455e-a373-b0deea7c6cf5,artistry.pink,available,,,high,medium,8,,,,09/10/2026 09:05
b1d90291-f54c-4f48-b53e-8afd6e649187,sculpture.protection,available,1999.99,2049.99,high,low,9,namesilo,,,20/08/2026 18:45
b94c7eb7-b16d-4e01-8d12-5b31e9041de6,artistry.tires,available,,,high,medium,8,,,,09/10/2026 09:05
b79d8a3a-dbb4-4d26-944f-322466c997e2,museum.dental,available,78.99,78.99,high,low,6,namesilo,,,25/09/2026 23:47
69056790-6e84-4649-bf0a-34b9082e7eb8,museum.ltda,premium,56.64,33.04,high,low,6,namesilo,,,25/09/2026 23:47
eb28c131-bb48-4f9e-a69b-d38df39b5817,gallery.company,resell,,,high,low,7,"Spaceship, Inc.",29/03/2025 12:55,29/03/2027 12:55,26/09/2026 06:18
214851cf-c9f6-450e-b685-e07235954e04,arts.media,resell,,,high,low,4,"Xiamen ChinaSource Internet Service Co., Ltd",01/09/2015 03:43,01/09/2027 03:43,09/10/2026 20:59
176345ea-50e5-401d-87ff-6a600362474a,design.flights,premium,102.67,102.67,high,medium,6,spaceship,,,08/10/2026 20:39
a9853dd9-48c0-4913-a7ae-dc0860faf9c9,creative.vodka,premium,414.2,26.08,high,medium,8,spaceship,,,08/10/2026 20:55
daf15fc3-b625-4d1e-8335-655108a9c849,arts.hiphop,available,27,23.99,high,low,4,unstoppable,,,09/10/2026 20:59
207b8055-a42b-42ed-b18c-b179400aedb2,artistry.events,available,,,high,medium,8,,,,09/10/2026 09:05
eb23a2d7-4762-40ba-86dc-1ae772ef912c,craft.beauty,premium,2660,2660,high,medium,5,namesilo,,,24/09/2026 03:48
f4e52648-1d52-4334-9c52-824121dc4754,creative.doctor,available,5.38,93.35,high,medium,8,spaceship,,,08/10/2026 20:55
36119276-967f-42a7-ad3f-376c1975b538,artistry.university,available,,,high,medium,8,,,,09/10/2026 09:05
d18b480c-3073-4690-a5b7-eb69353e403e,exhibition.broker,available,11.98,47.98,high,low,10,namecheap,,,29/09/2026 18:34
350bb3e8-e8ea-4cb8-8e3a-e00a69b8105f,painting.email,available,7.49,30.99,high,low,8,namesilo,,,25/09/2026 07:33
7d745ed0-f5b4-4bf3-9321-2e5ee821d12b,creative.repair,available,28.2,28.2,high,medium,8,cloudflare,,,08/10/2026 20:55
cfd73d6d-61a3-40fa-af29-462152e79db8,creativity.energy,available,5.98,155.98,high,low,10,namecheap,,,24/09/2026 19:19
8bfaf68d-aad6-4290-978d-169e1d6f0b63,painting.space,premium,1625,6500,high,low,8,namecheap,,,25/09/2026 07:33
8749fbd4-ae42-4ca6-9f1a-487f1b47b7cf,painting.training,available,15.99,41.99,high,low,8,namesilo,,,25/09/2026 07:33
2978bdc4-4791-4c9e-991e-ef177e490d12,gallery.tires,available,5.99,78.99,high,low,7,namesilo,,,20/09/2026 09:55
5e121d67-afbd-486e-a759-259d79b43e43,design.plumbing,premium,414.2,414.2,high,medium,6,spaceship,,,08/10/2026 20:39
f3b78771-38fb-4957-8998-bdbef9d5008b,craft.credit,available,11.49,104.99,high,medium,5,namesilo,,,24/09/2026 03:48
3060db33-e903-449c-814b-91548c5417d2,drawing.dev,premium,164.77,164.77,high,low,7,spaceship,,,29/09/2026 16:41
0b9e735c-092c-4d79-837c-e2c8a06ef8df,studio.condos,premium,854,854,high,medium,6,namesilo,,,26/09/2026 00:25
c093cf03-9133-49ec-a854-a94eb95af256,exhibition.flights,available,45.2,45.2,high,low,10,cloudflare,,,29/09/2026 18:34
4b00d381-fe12-4145-b6fc-b813ff66c3ed,craft.live,premium,1107,1107,high,medium,5,namesilo,,,24/09/2026 03:48
cc8df6be-451c-452a-b9c4-b2f0ae26128a,exhibition.education,available,28.15,28.15,high,low,10,spaceship,,,29/09/2026 18:34
77a052d0-9614-4479-8393-a41b335c490b,craft.academy,resell,,,high,medium,5,"Spaceship, Inc.",13/09/2023 15:15,13/09/2027 15:15,29/09/2026 06:19
5361327a-082b-4601-85e1-df558e445cf2,museum.singles,available,9.49,33.99,high,low,6,namesilo,,,25/09/2026 23:47
97c7991b-1c42-43d3-8d93-b2b56b1c4e6a,artistic.space,premium,5000.2,5175.2,high,low,8,unstoppable,,,06/10/2026 01:17
4063b1c9-0cb0-451c-a896-4939900237b4,design.vana,available,2070.2,2070.2,high,medium,6,spaceship,,,08/10/2026 20:39
a65f9ec1-dcdc-424a-9203-94fed0459011,design.bar,premium,3260.45,4657.7,high,medium,6,spaceship,,,08/10/2026 20:39
915d768c-2e1f-403e-8616-8167ea28b65d,artist.webcam,premium,517.7,67.48,high,low,6,spaceship,,,08/10/2026 12:26
fcfed9a2-f46d-4613-9a2c-6051dd29a47b,artist.baby,resell,,,high,low,6,Dynadot Inc,14/06/2026 22:10,14/06/2027 23:59,08/10/2026 12:26
bfd54e6c-977e-4a75-a2b6-05c13c56ff91,artist.cricket,premium,362.45,51.95,high,low,6,spaceship,,,08/10/2026 12:26
d9d625b6-1de1-45e4-8a03-df82eb07e17a,exhibition.legal,available,57.13,57.13,high,low,10,spaceship,,,29/09/2026 18:34
84f27fc5-acb1-4a3c-9961-4563b9e58f38,exhibition.pro,resell,,,high,low,10,One.com A/S,25/09/2020 14:30,25/09/2027 14:30,29/09/2026 18:34
abe25d19-4915-46cb-8934-6f9dc874da61,craft.living,premium,640,640,high,medium,5,namesilo,,,24/09/2026 03:48
896861be-7cba-4597-aceb-8a890d05cd89,canvas.hockey,available,59.99,59.99,high,medium,6,namesilo,,,24/09/2026 12:10
d41e59a7-fe2f-429a-a577-b8a5dcf1c78f,design.foo,premium,1298.7,1298.7,high,medium,6,namecheap,,,08/10/2026 20:39
ab2fc229-f49b-4305-b61d-d1b448ca2778,canvas.equipment,available,28.99,28.99,high,medium,6,namesilo,,,24/09/2026 12:10
8daee8c3-291b-4369-86ca-be64fad5fa44,artistry.gay,available,2.99,38.99,high,medium,8,namesilo,,,08/10/2026 07:01
4bcd3c52-b4d3-410f-acfe-f37b59939242,painting.gripe,available,6.99,6.99,high,low,8,namesilo,,,25/09/2026 07:33
873d572b-cfd3-4e09-822f-f8f903fc7443,creative.locker,premium,318.46,8.8,high,medium,8,namesilo,,,08/10/2026 20:55
a55f13c1-5b84-4b02-b001-e7e64a834b29,artist.lifestyle,available,1.24,31.25,high,low,6,spaceship,,,08/10/2026 12:26
70ed9d67-dca0-4d62-a62f-be5a8e53a4d7,canvas.forsale,premium,118.8,118.8,high,medium,6,namesilo,,,24/09/2026 12:10
a1457e84-8192-4fe3-8965-cd7230dd0202,exhibition.academy,available,7.45,37.46,high,low,10,spaceship,,,29/09/2026 18:34
b305135a-1d21-404d-a2b0-e1101f9e56d4,painting.voyage,available,58.99,58.99,high,low,8,namesilo,,,25/09/2026 07:33
e13d2328-2669-46c5-ad1b-7f4f7cbd9a21,artist.kiwi,premium,154.01,154.01,high,low,6,dynadot,,,08/10/2026 12:26
a8fbe9e5-2185-48c8-9b45-736504145b8f,illustration.haus,available,13.5,,high,low,12,unstoppable,,,30/09/2026 14:22
adf59505-7158-46d2-912a-51c14397e81e,artist.zone,resell,,,high,low,6,Porkbun LLC,30/04/2014 16:00,30/04/2028 16:00,08/10/2026 12:26
bc8b6252-0a43-4c8c-9096-9b4ffb3a6810,craft.now,resell,,,high,medium,5,Atom.com Domains LLC,26/12/2025 16:21,26/12/2027 16:21,26/09/2026 05:18
47d76491-ecd4-4f16-b16c-228f83cc50a5,artistry.black,available,,,high,medium,8,,,,09/10/2026 09:04
11843ebb-6d8f-4e07-8e10-91ed2d859dd3,museum.fishing,premium,96,29.5,high,low,6,namesilo,,,25/09/2026 23:47
255e7ced-b834-4355-9fe0-0a193b7cf696,creativity.auto,available,2070,2950,high,low,10,namecheap,,,24/09/2026 19:19
d38d98dc-89d2-485e-bccc-910f1ed94529,exhibition.associates,available,30.2,30.2,high,low,10,cloudflare,,,29/09/2026 18:34
27ee9a46-8786-4aa6-82f5-8899a5ccc615,exhibition.ooo,premium,1098.9,22.21,high,low,10,dynadot,,,29/09/2026 18:34
bdad3c6e-3e0c-494c-8474-d1015a81ecbc,canvas.hiv,available,195.99,195.99,high,medium,6,namesilo,,,24/09/2026 12:10
aa5fd651-a345-480e-aaec-87dc9b48cc0e,sculpture.talk,premium,75,75,high,low,9,name.com,,,20/08/2026 18:45
cd340965-38e6-4a54-a828-a3fe72bc430e,design.media,resell,,,high,medium,6,"Spaceship, Inc.",18/06/2015 03:35,18/06/2027 03:35,08/10/2026 20:39
c706f9a0-b87e-4ada-9dd0-645c26a0730b,exhibition.berlin,premium,312.71,54.82,high,low,10,dynadot,,,29/09/2026 18:34
b0e6b2e9-f94e-4171-a072-8ba621142c0e,arts.hamburg,available,69.98,73.98,high,low,4,namecheap,,,09/10/2026 20:59
ecb1c753-d95c-4cf3-94f7-1036502aaa2b,arts.fan,premium,102.67,102.67,high,low,4,spaceship,,,09/10/2026 20:59
7b9dd483-42e8-4fb1-a689-58517ce5c579,painting.kids,premium,384,21.24,high,low,8,namesilo,,,25/09/2026 07:33
04a139a4-b16f-4265-b188-41918fed0a92,museum.srl,premium,54.28,30.68,high,low,6,namesilo,,,25/09/2026 23:47
768b685b-5b92-40cc-8fee-7b3f1e121aa9,design.nexus,premium,1034.17,1034.17,high,medium,6,spaceship,,,08/10/2026 20:39
e9582e87-e8d3-49ca-8190-1fff6e39bb91,exhibition.bet,available,9.58,20.91,high,low,10,porkbun,,,29/09/2026 18:34
96f7f86d-016e-4ee8-a94b-fa6b15ac30c1,gallery.now,premium,640,640,high,low,7,namesilo,,,20/09/2026 09:55
1d850855-b5f6-409d-93ee-34b6316b6db9,arts.online,premium,1293.95,5175.2,high,low,4,spaceship,,,09/10/2026 20:59
055bf6f3-d87a-4d70-9454-0580d55be6ff,exhibition.care,available,10.03,35.39,high,low,10,spaceship,,,29/09/2026 18:34
5d082508-fe82-4a87-a3d5-7791f0f08b24,design.markets,premium,520,520,high,medium,6,namecheap,,,08/10/2026 20:39
72b4a445-d977-4ecc-a22b-1142a760828b,creative.adult,available,95.2,95.2,high,medium,8,cloudflare,,,08/10/2026 20:55
b0924f88-966b-4476-b142-f69874b60185,gallery.kitchen,premium,512,512,high,low,7,namesilo,,,20/09/2026 09:55
7c615fc9-bca9-4f7c-881c-28f14f9de41e,artistry.country,available,2064.2,2064.2,high,medium,8,spaceship,,,08/10/2026 07:01
cbb21ee6-8200-45db-90bf-c8e76e4be37e,painting.vana,available,2298,2498,high,low,8,namecheap,,,25/09/2026 07:33
2e577592-52d2-4f2c-9f87-e09c3c6e4044,artistry.eco,premium,3622.7,59.71,high,medium,8,spaceship,,,08/10/2026 07:01
02974898-37c4-4f0a-b0a8-33e074d70818,design.country,available,2298,2450,high,medium,6,namecheap,,,08/10/2026 20:39
dbc0c2f1-047c-4839-b05f-02033c6afb51,gallery.properties,premium,242,242,high,low,7,namesilo,,,20/09/2026 09:55
9d534309-0f54-4675-abaf-a5199ff281c3,artistry.trade,premium,448,53.92,high,medium,8,namesilo,,,08/10/2026 07:01
936d9903-bf09-424e-9105-c2948b9649cc,illustration.flights,available,58.99,58.99,high,low,12,namesilo,,,30/09/2026 14:22
3857220c-6ef2-4643-be02-c742b33ae590,canvas.villas,available,59.99,59.99,high,medium,6,namesilo,,,24/09/2026 12:10
1bd27422-d52d-4601-a078-e71558f06ebc,gallery.bar,premium,6210,6210,high,low,7,namesilo,,,20/09/2026 09:55
204b90b0-4717-4e9e-9a2f-c691260356ba,canvas.vet,available,41.99,41.99,high,medium,6,namesilo,,,24/09/2026 12:10
efb21508-98f4-44eb-8b6d-bc628917b32d,drawing.casino,available,7.72,129.25,high,low,7,porkbun,,,29/09/2026 16:41
32775291-bf0c-423e-8669-ec94f21f345d,gallery.channel,premium,648.7,648.7,high,low,7,namecheap,,,20/09/2026 09:55
144cbc40-544b-4289-a0ee-4863ae6b661f,creative.cleaning,available,60.23,60.23,high,medium,8,spaceship,,,08/10/2026 20:55
120af7e7-955b-4b0a-b1ba-4b1ef6496b35,gallery.ooo,premium,83.29,23.59,high,low,7,namesilo,,,20/09/2026 09:55
df59b8ae-090f-4fbe-9bf1-7b838e0bc189,sculpture.food,available,4.98,48.98,high,low,9,namecheap,,,20/08/2026 18:45
ef593d1a-bf7a-4334-bfbc-115236775c3f,exhibition.bz,available,18.88,18.88,high,low,10,dynadot,,,29/09/2026 18:34
277f9343-3ef3-4915-b7f8-5f98b12b83f7,painting.organic,available,17.99,85.99,high,low,8,namesilo,,,25/09/2026 07:33
c1e01143-4fb0-4ef6-8f2e-3c10852026ee,museum.gripe,available,6.98,8.98,high,low,6,namecheap,,,25/09/2026 23:47
8e1bbec0-e708-4de6-93a7-69f7c0f65ac7,creative.center,resell,,,high,medium,8,NameWeb BVBA,28/05/2015 19:00,28/05/2027 19:00,08/10/2026 20:55
66b7ef16-61c7-417b-852c-79da89b5d190,museum.estate,available,15.99,38.99,high,low,6,namesilo,,,25/09/2026 23:47
44528a96-6b60-4f33-aa0e-389064e78c0f,design.esq,premium,1344.67,1344.67,high,medium,6,spaceship,,,08/10/2026 20:39
7a62c05a-d2c0-4cce-aa82-12b747637dcc,sculpture.jewelry,available,19.99,84.99,high,low,9,name.com,,,20/08/2026 18:45
0046a06b-75bb-41b1-b7ee-806760275120,artistry.money,available,,,high,medium,8,,,,09/10/2026 09:05
37bd916c-8f0f-491f-992d-025c089e9ed1,artist.fishing,available,26.08,26.08,high,low,6,spaceship,,,08/10/2026 12:26
fa0e453c-793a-4ba9-a805-fa71de3141db,exhibition.host,premium,258.95,517.7,high,low,10,spaceship,,,29/09/2026 18:34
6328f82e-46b2-4e75-8778-dc4268c5c69b,craft.barcelona,available,38.98,38.98,high,medium,5,namecheap,,,24/09/2026 03:48
4786ef61-b8cd-49f3-acfb-02b33571d105,design.gold,resell,,,high,medium,6,Xin Net Technology Corporation,10/04/2018 07:47,10/04/2027 07:47,08/10/2026 20:39
5f4d31e6-6811-43f4-b749-5c1e38573d08,artist.dental,available,62.3,62.3,high,low,6,spaceship,,,08/10/2026 12:26
b4c45f50-8ef3-4da0-906c-6ef81e0c0a79,painting.dev,premium,203.52,203.52,high,low,8,namesilo,,,25/09/2026 07:33
4622d7c7-7793-4d42-bb82-ab78a2c8f671,artist.institute,resell,,,high,low,6,Dynadot Inc,08/02/2026 17:00,08/02/2027 17:00,08/10/2026 12:26
ac9e0307-abf6-45af-a033-d565b77f6d8a,craft.ceo,available,10.19,129.99,high,medium,5,namesilo,,,24/09/2026 03:48
541beb7b-3e68-42be-99fa-93418532662d,painting.flowers,premium,832,832,high,low,8,namesilo,,,25/09/2026 07:33
ef9905a3-c83c-465c-aae4-d75c9aca003b,artistry.game,available,300.2,300.2,high,medium,8,cloudflare,,,08/10/2026 07:01
8627538c-c017-47f1-8946-95d26464f5ea,artistry.vana,available,2070.2,2070.2,high,medium,8,spaceship,,,08/10/2026 07:01
c7a8a75a-c972-437a-8c57-b380b4c2546c,museum.voyage,available,58.99,58.99,high,low,6,namesilo,,,25/09/2026 23:47
55ca065f-c48c-4146-afa9-b9d7adf23936,museum.report,premium,128.7,128.7,high,low,6,namecheap,,,25/09/2026 23:47
bf943063-2e8d-4e92-a52c-0e8210fdf163,museum.now,premium,116,116,high,low,6,namesilo,,,25/09/2026 23:47
7dfb558a-acf2-4138-8485-65c12fb86d51,craft.asia,available,2.79,13.49,high,medium,5,namesilo,,,24/09/2026 03:48
9665657b-cb8c-4176-928a-f7a1d422a729,craft.kiwi,premium,81.9,81.9,high,medium,5,namecheap,,,24/09/2026 03:48
1f088192-796e-42f5-961f-ec23050b69ee,arts.nexus,premium,516.67,516.67,high,low,4,spaceship,,,09/10/2026 20:59
4029b652-35b9-4d03-8671-f90c0b7810a3,design.rentals,premium,242,242,high,medium,6,namesilo,,,08/10/2026 20:39
eccc121f-4234-48b9-b531-dfcd6d73197a,creativity.social,resell,,,high,low,10,"Sav.com, LLC - 33",17/08/2025 15:15,17/08/2027 15:15,26/09/2026 05:19
89cbb4c7-6274-441b-b5a5-4e0d99aa3b73,exhibition.protection,available,2000.2,2000.2,high,low,10,cloudflare,,,29/09/2026 18:34
5ca90848-492a-46f4-ba56-ca6b4b23eb1e,gallery.careers,premium,520,520,high,low,7,namecheap,,,20/09/2026 09:55
c1516219-d738-46e8-8345-21a8a33e2091,canvas.so,resell,,,high,medium,6,NameCheap,21/08/2020 18:28,21/08/2025 18:28,
abf17f1d-5fa1-411a-a455-c9553e48d038,artistic.ink,premium,103.7,103.7,high,low,8,spaceship,,,06/10/2026 01:17
2a0e445b-3f75-4ced-a7fc-c94db2b42c53,creativity.sale,available,5.98,48.98,high,low,10,namecheap,,,24/09/2026 19:19
35a4b579-d232-4b0b-86e8-dc60836d344e,sculpture.yoga,available,33.98,45.98,high,low,9,namecheap,,,20/08/2026 18:45
9864284b-59dc-4b20-9a94-ea96af29e31a,artistic.ooo,available,22.21,22.21,high,low,8,dynadot,,,06/10/2026 01:17
afb9ba75-698c-4b3d-a397-738023ed4580,artist.space,premium,275,1100,high,low,6,dynadot,,,08/10/2026 12:26
ccf73033-5558-4d37-8f9c-2e0755c96fb4,sculpture.tienda,available,9.99,77.99,high,low,9,name.com,,,20/08/2026 18:45
aeab43c7-b102-440c-96fd-581d162aa058,drawing.me,resell,861.35,27.99,high,low,7,"GoDaddy.com, LLC",17/07/2008 16:46,17/07/2027 16:46,29/09/2026 16:41
cf786fa6-48c6-4d34-a022-308cfa4d71cf,artist.accountants,available,90.2,90.2,high,low,6,cloudflare,,,08/10/2026 12:26
1d970e46-5eb3-4b77-b33a-6037f3501dee,arts.store,premium,647.08,2587.7,high,low,4,spaceship,,,09/10/2026 20:59
185ef5cd-7e3e-47b8-9c7b-f0f8c0492124,arts.beauty,premium,2070.2,2070.2,high,low,4,spaceship,,,09/10/2026 20:59
e8346fda-343e-4e55-aacd-d6f1fc1e9378,creativity.tours,available,5.98,81.98,high,low,10,namecheap,,,24/09/2026 19:19
56196770-8145-4bae-bf31-507441fa5caf,exhibition.trade,resell,,,high,low,10,"Spaceship, Inc.",09/09/2019 04:09,09/09/2027 04:09,29/09/2026 18:34
f7ce1fd2-98e4-482d-b3ec-b1e679820dfc,craft.qpon,premium,302.5,23.54,high,medium,5,namesilo,,,24/09/2026 03:48
ff2fae62-7af2-4ebb-8317-ce26c8908b73,sculpture.tel,available,10.98,15.98,high,low,9,namecheap,,,20/08/2026 18:45
52e75543-0c0a-4f1f-815b-7a447b04c94b,illustration.london,premium,55.19,27.69,high,low,12,spaceship,,,30/09/2026 14:22
77a56c80-9bd4-4aea-8c75-6cc846831698,design.observer,premium,9315.2,9315.2,high,medium,6,spaceship,,,08/10/2026 20:39
91f7a455-691c-4d17-92a8-459c72580758,craft.band,available,20.99,31.49,high,medium,5,namesilo,,,24/09/2026 03:48
96955abd-7d1c-4910-a417-29171079b690,canvas.financial,available,23.99,58.99,high,medium,6,namesilo,,,24/09/2026 12:10
fd1fd352-0b5a-48e2-bd0e-9ac838708741,craft.maison,available,60.98,69.98,high,medium,5,namecheap,,,24/09/2026 03:48
1efd3bae-cfe9-47b6-b341-50524fd89e06,artist.hockey,available,47.81,47.81,high,low,6,spaceship,,,08/10/2026 12:26
08241116-ae1a-4b50-ba09-45b4c97b2960,creativity.eco,available,58.48,101.98,high,low,10,namecheap,,,24/09/2026 19:19
4707e3b8-cad7-422c-8601-14aa62f123cc,creative.blackfriday,available,114.99,114.99,high,medium,8,namesilo,,,08/10/2026 20:55
4bdaff20-6a08-47bf-8103-943ccf2af6d4,sculpture.study,premium,625,625,high,low,9,name.com,,,20/08/2026 18:45
9de4fd9b-ccfd-4d99-b602-e1ea98ccd3dc,design.guitars,premium,672.95,672.95,high,medium,6,spaceship,,,08/10/2026 20:39
259fdc06-5df9-427f-8177-50c7c230a5c2,illustration.furniture,available,26.5,,high,low,12,unstoppable,,,30/09/2026 14:22
5ace3ee2-e699-4eb3-b70c-1a37e8829b7f,sculpture.tickets,available,393.98,568,high,low,9,namecheap,,,20/08/2026 18:45
106a8629-63ed-4f22-a738-aba39719c4c3,creativity.cx,available,19.98,26.98,high,low,10,namecheap,,,24/09/2026 19:19
af7b6e39-f965-4ebe-915c-1e68f74fa3fb,arts.education,premium,,,high,low,4,,,,09/10/2026 20:59
8c43cec3-13e9-4a77-bd11-a1f6be1a0bd6,artwork.art,premium,282.76,72.65,high,low,7,spaceship,,,28/09/2026 22:22
d428376e-d372-4fb1-a7d9-e5b8966f93a3,gallery.club,premium,960,17.7,high,low,7,namesilo,,,20/09/2026 09:55
fac4f281-0ed5-4876-968d-acc183f14db9,design.zone,resell,,,high,medium,6,"Global Domains International, Inc. DBA DomainCostClub.com",04/04/2026 15:15,04/04/2027 15:15,08/10/2026 20:39
54f00977-4874-4e14-b031-9aa6fc035b68,exhibition.red,available,8.24,19.05,high,low,10,porkbun,,,29/09/2026 18:34
84151a21-35f9-4add-bd75-75614fd83343,exhibition.makeup,available,1.24,13.97,high,low,10,spaceship,,,29/09/2026 18:34
6011226e-8e96-43ea-8860-0bd81831a81b,gallery.info,resell,,,high,low,7,1API GmbH,13/07/2002 19:27,13/07/2027 19:27,26/09/2026 06:18
cc9b86e4-fa7d-40b2-8d6c-069f2baccc46,artistry.nexus,available,14,10.2,high,medium,8,unstoppable,,,08/10/2026 07:01
f189000d-d203-4d54-9c21-9c12c662e246,painting.trading,available,21.98,27.98,high,low,8,namecheap,,,25/09/2026 07:33
2c58ab2e-3631-47ab-b3c1-db61da98551c,artistry.pictures,premium,68.51,68.51,high,medium,8,spaceship,,,08/10/2026 07:01
89cac7fa-e7b2-49d8-9cc7-ee11e7d56770,painting.cricket,premium,448,53.92,high,low,8,namesilo,,,25/09/2026 07:33
65373fb0-0258-4c78-9d11-1bbfbb8c915a,craft.kim,available,12.99,23.49,high,medium,5,namesilo,,,24/09/2026 03:48
b05534e0-2385-409c-befb-44f90e25f764,creative.cfd,premium,384,768,high,medium,8,namesilo,,,08/10/2026 20:55
b02fa386-941f-46a6-8b6c-a034cee563f6,creativity.directory,available,4.98,36.98,high,low,10,namecheap,,,24/09/2026 19:19
e2dbced3-5357-4148-bc90-107b66431b8d,museum.realty,available,109.99,299,high,low,6,namesilo,,,25/09/2026 23:47
92aa4369-0ac3-4a1d-92fb-c4224859822a,drawing.christmas,premium,2200,2200,high,low,7,dynadot,,,29/09/2026 16:41
f7a07a09-8cba-4777-8e14-06ff04e091c7,artistry.kim,available,,,high,medium,8,,,,09/10/2026 09:05
db8c14dd-8622-4d8e-88e0-296b79e78c79,gallery.rich,available,94.99,1999,high,low,7,namesilo,,,20/09/2026 09:55
9feaa999-40bd-49f9-b3ff-33c8ab56532d,gallery.uno,premium,3450,3450,high,low,7,namesilo,,,20/09/2026 09:55
b9ab4903-c858-499c-96de-1d44ea841177,exhibition.diamonds,available,42.2,42.2,high,low,10,cloudflare,,,29/09/2026 18:34
dd2f9f42-a02e-4dae-8251-77af709bf9d9,exhibition.financial,available,15.73,46.78,high,low,10,spaceship,,,29/09/2026 18:34
040a2818-1a7b-45e7-af5c-a3c6f49ee1ad,artistry.yoga,available,25.2,25.2,high,medium,8,cloudflare,,,08/10/2026 07:01
d64c4154-ba46-4d31-b6a5-0897362b2fc1,painting.catering,available,38.99,38.99,high,low,8,namesilo,,,25/09/2026 07:33
b2692694-8a4e-48f2-8e01-8b686725b127,arts.hospital,available,74.99,74.99,high,low,4,namesilo,,,09/10/2026 20:59
5367f2a3-806b-4292-9b6d-1f145f49722d,painting.archi,available,14.98,132.98,high,low,8,namecheap,,,25/09/2026 07:33
cd6e5a70-0aef-466c-872a-3b1befe359e6,gallery.mortgage,available,62.99,62.99,high,low,7,namesilo,,,20/09/2026 09:55
4aceb390-6066-4dea-9976-b65c1df20809,illustration.attorney,available,48.2,48.2,high,low,12,cloudflare,,,30/09/2026 14:22
74c13aca-ceef-40d8-8c45-1e9453a17649,painting.free,premium,116,116,high,low,8,namesilo,,,25/09/2026 07:33
28ba022f-48a6-4c41-a465-4b85e39467e1,canvas.direct,premium,118.8,118.8,high,medium,6,namesilo,,,24/09/2026 12:10
116bbe63-fdff-494d-b34f-60a3fee95885,arts.archi,available,18.5,103.99,high,low,4,unstoppable,,,09/10/2026 20:59
df1d852a-af07-448a-8146-e47e14f89d89,gallery.rehab,available,36.99,36.99,high,low,7,namesilo,,,20/09/2026 09:55
cba23f75-4453-4be3-b9d2-ae609bc2fcf3,artistic.theatre,available,509.99,529.99,high,low,8,namesilo,,,06/10/2026 01:17
7d24b4e2-1d0c-4758-87ce-68695328d0d6,artistry.solutions,available,,,high,medium,8,,,,09/10/2026 09:05
a53535f7-6135-4efe-8c8e-5c2c3f1bd14d,creative.party,premium,448,53.92,high,medium,8,namesilo,,,08/10/2026 20:55
d88c5ac8-8c3c-4d60-954d-8d3ef6dd119f,design.fishing,premium,47.2,29.5,high,medium,6,namesilo,,,08/10/2026 20:39
583b1897-aa49-4235-99e0-bf16c6bfc8b0,drawing.limited,available,36.99,36.99,high,low,7,namesilo,,,29/09/2026 16:41
d83e9296-2807-480d-ae46-20b1d3c6a67b,studio.rich,available,94.99,1999,high,medium,6,namesilo,,,26/09/2026 00:25
9496a392-4b4a-49cc-b513-3a4b7aa00e49,gallery.creditcard,available,156.98,168.98,high,low,7,namecheap,,,20/09/2026 09:55
4bf81caa-72b4-4b75-9979-85cf2b3c1ee9,artist.cc,resell,,,high,low,6,Dynadot Inc,20/09/2020 08:01,20/09/2027 08:01,08/10/2026 12:26
4ef83d71-c53d-40d9-b9b9-c05428b461a9,drawing.life,resell,,,high,low,7,Xin Net Technology Corporation,23/07/2021 08:38,23/07/2027 08:38,29/09/2026 16:41
bb2d524c-721c-431c-98c2-2f4e8c5dd162,museum.boats,available,1.99,17.29,high,low,6,namesilo,,,25/09/2026 23:47
4162c18b-8765-40d0-bf17-9f50293f55e0,gallery.buzz,premium,116,53.92,high,low,7,namesilo,,,20/09/2026 09:55
2c02b878-b5d9-4f3d-a9d5-31a83aeebf5c,studio.lease,premium,520,520,high,medium,6,namecheap,,,26/09/2026 00:25
2386a1fa-d411-4f2d-9cc4-3097ec4b6828,museum.direct,available,17.99,41.99,high,low,6,namesilo,,,25/09/2026 23:47
0b4e3461-2010-4afb-88bd-eed98de31e4a,gallery.university,available,62.99,62.99,high,low,7,namesilo,,,20/09/2026 09:55
03280225-1ce5-44c5-bc35-3473f0661818,sculpture.engineer,available,17.99,56.99,high,low,9,name.com,,,20/08/2026 18:45
3a852261-3ce4-4838-bf52-682fb5d09492,exhibition.tickets,available,326.21,388.33,high,low,10,spaceship,,,29/09/2026 18:34
d113ee3e-e704-4b48-a9f7-bfa05721663c,design.hosting,premium,1729,1729,high,medium,6,namesilo,,,08/10/2026 20:39
e3132447-0001-4f52-86cb-d191c0fbd7ee,arts.club,premium,3450,17.7,high,low,4,namesilo,,,09/10/2026 20:59
1c2f1c91-29e6-4e39-add6-bcfcfbdf17ad,craft.haus,resell,,,high,medium,5,Dynadot Inc,21/05/2019 13:19,21/05/2028 13:19,26/09/2026 05:18
ba32ad66-a0ae-4491-bba0-e762610db2c4,creative.icu,premium,384,768,high,medium,8,namesilo,,,08/10/2026 20:55
99fb129e-69e2-43c6-9465-14c09f33b75d,painting.careers,available,28.98,89.98,high,low,8,namecheap,,,25/09/2026 07:33
764b8397-cd42-408e-826e-6ffdc9d893fa,creative.bingo,available,42.64,42.64,high,medium,8,spaceship,,,08/10/2026 20:55
17b1b33d-9ed4-4f7b-bf1f-d7b7819cb3b8,creative.boutique,premium,68.51,68.51,high,medium,8,spaceship,,,08/10/2026 20:55
2a1c70b2-3a20-4eee-a2be-dfa3611fb59f,creative.vin,available,8.99,59.99,high,medium,8,namesilo,,,08/10/2026 20:55
03f754fd-e104-4b07-9704-8f23f2404f53,gallery.diy,premium,91,130,high,low,7,namecheap,,,20/09/2026 09:55
40914c46-72f7-4cb9-89e7-7896bc81da86,creativity.ngo,available,18.98,24.98,high,low,10,namecheap,,,24/09/2026 19:19
b20690ba-c68f-417b-94c0-e66d97daad42,exhibition.health,available,60.2,60.2,high,low,10,cloudflare,,,29/09/2026 18:34
c8628406-2583-4ea1-b9ee-8679c20afdaf,artistry.ag,available,89.99,79.99,high,medium,8,namesilo,,,08/10/2026 07:01
623fb05c-e81b-41ff-8d0a-86719e2c4df3,craft.hiphop,available,23.99,23.99,high,medium,5,namesilo,,,24/09/2026 03:48
fe26086e-5090-4ac1-8365-7cb93a6179b5,design.you,premium,1100,1100,high,medium,6,dynadot,,,08/10/2026 20:39
59b7f741-efa5-46b5-aa7b-eca05b4136df,creativity.recipes,available,5.48,95.98,high,low,10,namecheap,,,24/09/2026 19:19
8083ba45-3074-448a-a5cc-92aa82871d84,artistry.video,available,,,high,medium,8,,,,09/10/2026 09:05
c68c4666-df2b-4a10-b933-9c18c3a2f62b,studio.gripe,premium,38.94,38.94,high,medium,6,namesilo,,,26/09/2026 00:25
37be0530-97f4-471e-b439-086634f8a1c0,arts.sucks,available,278.98,298,high,low,4,namecheap,,,09/10/2026 20:59
95e2f6fa-0bd2-43f1-b2cb-b795e0a8e73c,painting.rsvp,premium,323.7,323.7,high,low,8,namecheap,,,25/09/2026 07:33
f204c20f-ce8c-4f07-b8ae-4f485e0e2e27,gallery.sale,premium,118.8,118.8,high,low,7,namesilo,,,20/09/2026 09:55
884d738b-035d-41c3-af45-d3f960a6665f,creativity.voyage,available,61.98,73.98,high,low,10,namecheap,,,24/09/2026 19:19
f37b6e6a-39b5-4c13-81ea-18c707c18c3a,drawing.now,premium,116,116,high,low,7,namesilo,,,29/09/2026 16:41
243c8983-4f82-4848-9b58-1c95f15ecad9,museum.enterprises,available,11.49,35.99,high,low,6,namesilo,,,25/09/2026 23:47
91cc4d38-2498-482e-b743-c8a4c4faea2a,studio.theatre,available,538.98,620,high,medium,6,namecheap,,,26/09/2026 00:25
99106e46-7963-4d31-ad84-952bb8203eeb,museum.pizza,available,17.99,64.99,high,low,6,namesilo,,,25/09/2026 23:47
88cb2d5d-4273-405d-8128-8cdb456d8ddc,sculpture.observer,available,10.99,10.99,high,low,9,namesilo,,,20/08/2026 18:45
a7a4e647-1695-4cf6-87ca-fea94e4dcc72,studio.pics,resell,,,high,medium,6,"NameCheap, Inc.",16/12/2025 20:13,16/12/2026 23:59,26/09/2026 09:22
bf619f50-ac89-41e7-97ae-7624bea32198,gallery.associates,premium,78.54,78.54,high,low,7,namesilo,,,20/09/2026 09:55